-- phpMyAdmin SQL Dump
-- version 4.7.9
-- https://www.phpmyadmin.net/
--
-- Host: 127.0.0.1:3306
-- Generation Time: Jun 30, 2019 at 04:18 AM
-- Server version: 5.7.21
-- PHP Version: 7.2.4

SET SQL_MODE = "NO_AUTO_VALUE_ON_ZERO";
SET AUTOCOMMIT = 0;
START TRANSACTION;
SET time_zone = "+00:00";


/*!40101 SET @OLD_CHARACTER_SET_CLIENT=@@CHARACTER_SET_CLIENT */;
/*!40101 SET @OLD_CHARACTER_SET_RESULTS=@@CHARACTER_SET_RESULTS */;
/*!40101 SET @OLD_COLLATION_CONNECTION=@@COLLATION_CONNECTION */;
/*!40101 SET NAMES utf8mb4 */;

--
-- Database: `adminmar_martha_dbase`
--

-- --------------------------------------------------------

--
-- Table structure for table `banks`
--

DROP TABLE IF EXISTS `banks`;
CREATE TABLE IF NOT EXISTS `banks` (
  `bank_id` int(10) UNSIGNED NOT NULL AUTO_INCREMENT,
  `bank_owner_id` int(10) UNSIGNED DEFAULT NULL,
  `bank_name` varchar(191) COLLATE utf8mb4_unicode_ci DEFAULT NULL,
  `bank_account_name` varchar(191) COLLATE utf8mb4_unicode_ci DEFAULT NULL,
  `bank_account_number` varchar(191) COLLATE utf8mb4_unicode_ci DEFAULT NULL,
  `created_at` timestamp NULL DEFAULT NULL,
  `updated_at` timestamp NULL DEFAULT NULL,
  PRIMARY KEY (`bank_id`),
  KEY `banks_bank_owner_id_foreign` (`bank_owner_id`)
) ENGINE=MyISAM AUTO_INCREMENT=1105 DEFAULT CHARSET=utf8mb4 COLLATE=utf8mb4_unicode_ci;

--
-- Dumping data for table `banks`
--

INSERT INTO `banks` (`bank_id`, `bank_owner_id`, `bank_name`, `bank_account_name`, `bank_account_number`, `created_at`, `updated_at`) VALUES
(1001, 1002, 'BPI', 'Jessie Amangyen', NULL, '2019-06-17 19:02:57', '2019-06-17 19:02:57'),
(1002, 1003, NULL, NULL, NULL, '2019-06-18 06:44:07', '2019-06-18 06:44:07'),
(1003, 1004, 'Norma A. Lu', 'MetroBank', '366-3-366-31346-0', '2019-06-19 00:18:07', '2019-06-19 00:18:07'),
(1004, 1005, 'Metrobank', 'Carina Castillo', '003-3-73315899-0', '2019-06-19 01:06:07', '2019-06-19 01:06:07'),
(1005, 1006, NULL, NULL, NULL, '2019-06-21 00:00:54', '2019-06-21 00:00:54'),
(1006, 1007, NULL, NULL, '34805233018', '2019-06-21 00:20:20', '2019-06-21 00:20:20'),
(1007, 1008, NULL, NULL, '8520116650', '2019-06-21 00:22:45', '2019-06-21 00:22:45'),
(1008, 1009, NULL, NULL, NULL, '2019-06-21 00:24:21', '2019-06-21 00:24:21'),
(1009, 1010, NULL, NULL, NULL, '2019-06-21 00:26:56', '2019-06-21 00:26:56'),
(1011, 1012, NULL, NULL, '10400045117', '2019-06-21 00:31:38', '2019-06-21 00:31:38'),
(1012, 1013, NULL, NULL, NULL, '2019-06-21 00:37:48', '2019-06-21 00:37:48'),
(1013, 1014, NULL, NULL, NULL, '2019-06-21 00:38:56', '2019-06-21 00:38:56'),
(1014, 1015, NULL, NULL, NULL, '2019-06-21 00:39:43', '2019-06-21 00:39:43'),
(1015, 1016, NULL, NULL, NULL, '2019-06-21 00:40:38', '2019-06-21 00:40:38'),
(1016, 1017, NULL, NULL, '1830999026', '2019-06-21 00:41:41', '2019-06-21 00:41:41'),
(1017, 1018, NULL, NULL, '1760327229', '2019-06-21 00:43:05', '2019-06-21 00:43:05'),
(1018, 1019, NULL, NULL, '1219116167', '2019-06-21 00:44:27', '2019-06-21 00:44:27'),
(1019, 1020, NULL, NULL, '33733160773', '2019-06-21 00:47:30', '2019-06-21 00:47:30'),
(1020, 1021, NULL, NULL, '5180207399', '2019-06-21 00:54:35', '2019-06-21 00:54:35'),
(1021, 1022, NULL, NULL, '1838010148', '2019-06-21 00:56:08', '2019-06-21 00:56:08'),
(1022, 1023, NULL, NULL, '5520030066', '2019-06-21 00:58:35', '2019-06-21 00:58:35'),
(1023, 1024, 'METROBANK,SUSANO BRANCH', 'Jennifer B. Salansang', '3113311239881', '2019-06-24 21:35:15', '2019-06-24 21:35:15'),
(1024, 1025, 'BDO SM City Novaliches', 'Ma. Emma Aguimbag', '7350089829', '2019-06-24 21:43:16', '2019-06-24 21:43:16'),
(1025, 1026, 'BDO-SM', 'Mariel C. Chock', '001830551513', '2019-06-24 21:45:42', '2019-06-24 21:45:42'),
(1026, 1027, 'Metrobank-Magsaysay', 'Jennifer Chua', '3003-12475-76-4', '2019-06-24 21:47:48', '2019-06-24 21:47:48'),
(1027, 1028, NULL, 'BDO Account', '0051-8009-2486', '2019-06-24 21:52:28', '2019-06-24 21:52:28'),
(1031, 1032, 'BDO-SM Baguio', 'Manolito C. Chavez', '1830291686', '2019-06-24 22:16:33', '2019-06-24 22:16:33'),
(1030, 1031, 'SECURITY BANK', 'Nancy Ong Co', '00000-1151-6919', '2019-06-24 22:12:32', '2019-06-24 22:12:32'),
(1032, 1033, 'BDO', 'Arlene F. Pacio', '000790491427', '2019-06-24 22:20:18', '2019-06-24 22:20:18'),
(1033, 1034, 'BDO-SM Baguio', 'Leizelle Jade P. Oasay/Marlene Pagatpatan', '007460108224', '2019-06-24 22:22:54', '2019-06-24 22:22:54'),
(1034, 1035, 'BDO', 'Winalyn Lucena T. Adams', '5460245258', '2019-06-26 23:22:27', '2019-06-26 23:22:27'),
(1035, 1036, 'RCBC', 'Marilyn Kiat-ong Tamayo', '9018901195', '2019-06-27 23:13:36', '2019-06-27 23:13:36'),
(1036, 1037, 'BPI', 'ANISIA RIZALINDA FIÑONEZ', '8309-1189-02', '2019-06-27 23:22:45', '2019-06-27 23:22:45'),
(1037, 1038, 'BPI', 'lynna B.Torayno', '8179-0160-88', '2019-06-27 23:28:18', '2019-06-27 23:28:18'),
(1038, 1039, NULL, NULL, NULL, '2019-06-27 23:33:15', '2019-06-27 23:33:15'),
(1039, 1040, NULL, NULL, NULL, '2019-06-27 23:52:17', '2019-06-27 23:52:17'),
(1040, 1041, NULL, NULL, NULL, '2019-06-27 23:55:41', '2019-06-27 23:55:41'),
(1041, 1042, NULL, NULL, NULL, '2019-06-27 23:58:02', '2019-06-27 23:58:02'),
(1042, 1043, 'BPI', 'Josephine Blackstone Anglis', '0541-0028-71', '2019-06-28 00:00:45', '2019-06-28 00:00:45'),
(1043, 1044, 'BPI', 'Juliet Flores', '005483000806', '2019-06-28 00:02:27', '2019-06-28 00:02:27'),
(1044, 1045, NULL, NULL, NULL, '2019-06-28 00:07:24', '2019-06-28 00:07:24'),
(1045, 1046, NULL, NULL, NULL, '2019-06-28 00:09:27', '2019-06-28 00:09:27'),
(1046, 1047, 'veterans bank', 'Tomasito Reyes', '5901-332000-242590', '2019-06-28 00:13:51', '2019-06-28 00:13:51'),
(1047, 1048, 'BDO', 'Vermon M De Guzman', '5128-006073', '2019-06-28 00:16:33', '2019-06-28 00:16:33'),
(1048, 1049, 'BPI', 'Marjorie Dontogan Galasgas', '0569041872', '2019-06-28 00:19:58', '2019-06-28 00:19:58'),
(1049, 1050, 'BDO', 'Melinda Capil', '0078-4000-8957', '2019-06-28 00:33:30', '2019-06-28 00:33:30'),
(1050, 1051, 'PNB - Sanchez Mira BR', 'Randolph/Myrna Malto', '198861500018', '2019-06-28 00:36:33', '2019-06-28 00:36:33'),
(1051, 1052, 'BDO', 'Edna M Aclipen or Henry T Aclipen', '7840039739', '2019-06-28 00:39:32', '2019-06-28 00:39:32'),
(1052, 1053, 'PNB', 'Irma Grace Egan', '537-675-4000-020', '2019-06-28 00:42:25', '2019-06-28 00:42:25'),
(1053, 1054, 'BDO', 'HAZEL A PITPIT', '0067-8054-7270', '2019-06-28 00:44:34', '2019-06-28 00:44:34'),
(1054, 1055, 'BDO', 'Ceferino B. Mateo', '004492480636', '2019-06-28 00:47:58', '2019-06-28 00:47:58'),
(1055, 1056, 'BDO', NULL, '8528002542', '2019-06-28 00:54:38', '2019-06-28 00:54:38'),
(1056, 1057, 'BPI', 'Marivic Bagtang', '960-7-96000379-5', '2019-06-28 01:01:15', '2019-06-28 01:01:15'),
(1057, 1058, 'BPI', 'Marivic Bagtang', '960-7-96000379-5', '2019-06-28 01:03:33', '2019-06-28 01:03:33'),
(1058, 1059, 'BDO', 'Jeramie A. Bergonia', '5480229096', '2019-06-28 01:06:17', '2019-06-28 01:06:17'),
(1059, 1060, 'BPI', 'Edna  Dilinila', '0579-2930-04', '2019-06-28 01:08:25', '2019-06-28 01:08:25'),
(1060, 1061, 'china bank', NULL, '609-6020-06594', '2019-06-28 01:11:04', '2019-06-28 01:11:04'),
(1061, 1062, 'BPI', 'Venus Martije', '2089-2282-58', '2019-06-28 19:20:26', '2019-06-28 19:20:26'),
(1062, 1063, 'BPI', 'Mora Manuel', '8129-0381-37', '2019-06-28 19:22:07', '2019-06-28 19:22:07'),
(1063, 1064, 'PNB', 'Violeta Rombaoa lagmay', '1680-8320-0019', '2019-06-28 19:28:06', '2019-06-28 19:28:06'),
(1064, 1066, NULL, NULL, NULL, '2019-06-28 19:30:11', '2019-06-28 19:30:11'),
(1065, 1067, 'PNB', 'Jacildone,Minda D/Jacildone Jazelle Anne D.', '22041350405', '2019-06-28 19:33:38', '2019-06-28 19:33:38'),
(1066, 1068, 'BDO', 'Rosal Dilinila', '000790506335', '2019-06-28 19:35:26', '2019-06-28 19:35:26'),
(1067, 1069, 'RCBC', 'marlyn rimando', '9011970759', '2019-06-28 19:37:12', '2019-06-28 19:37:12'),
(1068, 1070, 'PNB - Bontoc', 'Cherry Dumalsin', '404589700018', '2019-06-28 19:38:54', '2019-06-28 19:38:54'),
(1069, 1071, 'BPI - UP- Ayala Technohub', 'Mark Jayson Reyes', '0469217418', '2019-06-28 19:42:03', '2019-06-28 19:42:03'),
(1070, 1072, 'BDO', 'DOMINIC B SAGULO', '579299118', '2019-06-28 19:46:42', '2019-06-28 19:46:42'),
(1071, 1073, 'BDO', 'Jane Palitayan', '005180215006', '2019-06-28 19:48:43', '2019-06-28 19:48:43'),
(1072, 1074, 'BPI', 'Panfilo M.Regis', '000549-1747-36', '2019-06-28 19:50:44', '2019-06-28 19:50:44'),
(1073, 1075, 'BPI- Family Bank', 'Winston Agcon', '5695015838', '2019-06-28 20:37:21', '2019-06-28 20:37:21'),
(1074, 1076, 'Metrobank', 'Mary Ann Baniwas Tiwanac', '065-3-06516118-5', '2019-06-28 20:39:07', '2019-06-28 20:39:07'),
(1075, 1077, 'Metro Bank', 'Diana Rose M.Garas', '388-3-38814124-8', '2019-06-28 20:41:44', '2019-06-28 20:41:44'),
(1076, 1078, 'BDO', 'Stephanie Joy A.Rolusta', '0018-30821-391', '2019-06-28 20:44:09', '2019-06-28 20:44:09'),
(1077, 1079, NULL, NULL, NULL, '2019-06-28 20:52:25', '2019-06-28 20:52:25'),
(1078, 1080, NULL, NULL, '5470498043', '2019-06-28 20:54:48', '2019-06-28 20:54:48'),
(1079, 1081, NULL, 'Vilma Tiwaken', '2000 8407 238', '2019-06-28 20:58:11', '2019-06-28 20:58:11'),
(1080, 1082, 'BDO', 'K M L B AL BULUSHI', '2460162053', '2019-06-28 21:00:12', '2019-06-28 21:00:12'),
(1081, 1083, 'Metrobank', 'Ferdinand Benbenen', '3238000204', '2019-06-28 21:02:54', '2019-06-28 21:02:54'),
(1082, 1084, 'BPI', 'Cynthia Romero', '1699050403', '2019-06-28 21:04:37', '2019-06-28 21:04:37'),
(1083, 1085, 'PNB', 'Arnold Pineda', '202910045210', '2019-06-28 22:41:08', '2019-06-28 22:41:08'),
(1084, 1086, 'BPI', 'GRACE GENEVEVE B.BERSAMIN', '2439198543', '2019-06-28 22:45:39', '2019-06-28 22:45:39'),
(1085, 1087, 'METROBANK', 'RENE C.ILUMIN', '2603-260-537610', '2019-06-28 22:48:34', '2019-06-28 22:48:34'),
(1086, 1088, 'BPI', 'Ma. Concepcion V. Eslao', '0575205763', '2019-06-28 22:52:07', '2019-06-28 22:52:07'),
(1087, 1089, 'BPI', 'Herbert S.Abille', '569-684-6741', '2019-06-28 22:56:34', '2019-06-28 22:56:34'),
(1088, 1090, 'BPI', 'Margarita Mallari', '2409-2054-72', '2019-06-28 23:02:46', '2019-06-28 23:02:46'),
(1089, 1091, 'BPI', 'Vicente C.Decena Jr.', '483072805', '2019-06-28 23:07:27', '2019-06-28 23:07:27'),
(1090, 1092, 'BPI', 'Florida Batong', '0443294791', '2019-06-28 23:09:51', '2019-06-28 23:09:51'),
(1091, 1093, 'BDO-Cubao', 'Aldren Arellano', '000160690668', '2019-06-28 23:26:53', '2019-06-28 23:26:53'),
(1092, 1094, 'BDO- Paniqui', 'Marilou Canlas', '5200084106', '2019-06-28 23:29:52', '2019-06-28 23:29:52'),
(1093, 1095, 'PS BANK', 'Mary Ann Gronio Magtira', '066-11100458-9', '2019-06-28 23:36:39', '2019-06-28 23:36:39'),
(1094, 1096, 'China Bank', 'Maria Cecilia Vanguardia', '1471410914', '2019-06-28 23:42:35', '2019-06-28 23:42:35'),
(1096, 1098, 'RCBC', 'Marilou Tingcawa', '0124018790', '2019-06-28 23:49:53', '2019-06-28 23:49:53'),
(1097, 1099, 'BD0 -SM Pampanga', 'Ligaya Aquino', '1310327767', '2019-06-28 23:52:52', '2019-06-28 23:52:52'),
(1099, 1101, NULL, 'Raquel Abarrientos', '9779-004-25', '2019-06-29 00:08:56', '2019-06-29 00:08:56'),
(1100, 1102, 'Metrobank', 'Sonia Calvin', '2223222121508', '2019-06-29 00:12:19', '2019-06-29 00:12:19'),
(1101, 1103, 'BPI', 'Daniel Rivera', '000573352483', '2019-06-29 00:14:00', '2019-06-29 00:14:00'),
(1102, 1104, 'Metrobank', 'Edgie Anamong', '5737573000206', '2019-06-29 00:18:08', '2019-06-29 00:18:08'),
(1103, 1105, 'BPI', 'carolyn A.Akilith', '0566-2985-34', '2019-06-29 00:20:57', '2019-06-29 00:20:57'),
(1104, 1106, NULL, NULL, NULL, '2019-06-29 00:24:48', '2019-06-29 00:24:48');

-- --------------------------------------------------------

--
-- Table structure for table `contracts`
--

DROP TABLE IF EXISTS `contracts`;
CREATE TABLE IF NOT EXISTS `contracts` (
  `contract_id` int(10) UNSIGNED NOT NULL AUTO_INCREMENT,
  `enrollment_date` date NOT NULL,
  `contract_owner_id` int(10) UNSIGNED NOT NULL,
  `contract_room_id` int(10) UNSIGNED NOT NULL,
  `created_at` timestamp NULL DEFAULT NULL,
  `updated_at` timestamp NULL DEFAULT NULL,
  PRIMARY KEY (`contract_id`),
  KEY `contracts_contract_owner_id_foreign` (`contract_owner_id`),
  KEY `contracts_contract_room_id_foreign` (`contract_room_id`)
) ENGINE=MyISAM AUTO_INCREMENT=117 DEFAULT CHARSET=utf8mb4 COLLATE=utf8mb4_unicode_ci;

--
-- Dumping data for table `contracts`
--

INSERT INTO `contracts` (`contract_id`, `enrollment_date`, `contract_owner_id`, `contract_room_id`, `created_at`, `updated_at`) VALUES
(3, '2016-06-22', 1002, 1001, '2019-06-17 19:02:57', '2019-06-17 19:02:57'),
(4, '2016-11-07', 1003, 1002, '2019-06-18 06:44:07', '2019-06-18 06:44:07'),
(5, '2018-06-27', 1004, 1003, '2019-06-19 00:18:07', '2019-06-19 00:18:07'),
(6, '2016-04-05', 1005, 1004, '2019-06-19 01:06:07', '2019-06-19 01:06:07'),
(8, '2018-02-13', 1006, 1005, '2019-06-21 00:00:54', '2019-06-21 00:00:54'),
(9, '2018-07-25', 1007, 1006, '2019-06-21 00:20:20', '2019-06-21 00:20:20'),
(10, '2018-02-19', 1008, 1007, '2019-06-21 00:22:45', '2019-06-21 00:22:45'),
(11, '2018-02-19', 1009, 1007, '2019-06-21 00:24:21', '2019-06-21 00:24:21'),
(12, '2019-12-31', 1010, 1008, '2019-06-21 00:26:56', '2019-06-21 00:26:56'),
(14, '2017-10-05', 1012, 1009, '2019-06-21 00:31:38', '2019-06-21 00:31:38'),
(15, '2017-10-05', 1013, 1009, '2019-06-21 00:37:48', '2019-06-21 00:37:48'),
(16, '2017-04-05', 1014, 1010, '2019-06-21 00:38:56', '2019-06-21 00:38:56'),
(17, '2017-04-05', 1015, 1010, '2019-06-21 00:39:43', '2019-06-21 00:39:43'),
(18, '2019-01-01', 1016, 1011, '2019-06-21 00:40:38', '2019-06-21 00:40:38'),
(19, '2019-02-26', 1017, 1012, '2019-06-21 00:41:41', '2019-06-21 00:41:41'),
(20, '2018-09-19', 1018, 1013, '2019-06-21 00:43:05', '2019-06-21 00:43:05'),
(21, '2018-08-07', 1019, 1014, '2019-06-21 00:44:27', '2019-06-21 00:44:27'),
(22, '2018-01-15', 1020, 1015, '2019-06-21 00:47:30', '2019-06-21 00:47:30'),
(23, '2018-09-08', 1021, 1016, '2019-06-21 00:54:35', '2019-06-21 00:54:35'),
(24, '2018-12-21', 1022, 1017, '2019-06-21 00:56:08', '2019-06-21 00:56:08'),
(25, '2018-10-22', 1023, 1018, '2019-06-21 00:58:35', '2019-06-21 00:58:35'),
(26, '2012-11-22', 1024, 1090, '2019-06-24 21:35:15', '2019-06-24 21:35:15'),
(27, '2012-11-12', 1025, 1091, '2019-06-24 21:43:16', '2019-06-24 21:43:16'),
(28, '2013-06-04', 1026, 1092, '2019-06-24 21:45:42', '2019-06-24 21:45:42'),
(29, '2013-05-06', 1027, 1060, '2019-06-24 21:47:48', '2019-06-24 21:47:48'),
(30, '2017-12-21', 1028, 1094, '2019-06-24 21:52:28', '2019-06-24 21:52:28'),
(34, '2013-06-01', 1032, 1095, '2019-06-24 22:16:33', '2019-06-24 22:16:33'),
(33, '2017-11-03', 1031, 1093, '2019-06-24 22:12:32', '2019-06-24 22:12:32'),
(35, '2019-10-13', 1033, 1063, '2019-06-24 22:20:18', '2019-06-24 22:20:18'),
(36, '2019-06-25', 1034, 1096, '2019-06-24 22:22:54', '2019-06-24 22:22:54'),
(37, '2019-04-03', 1035, 1259, '2019-06-26 23:22:27', '2019-06-26 23:22:27'),
(38, '2016-04-05', 1005, 1019, '2019-06-27 22:58:05', '2019-06-27 22:58:05'),
(39, '2017-12-05', 1036, 1037, '2019-06-27 23:13:36', '2019-06-27 23:13:36'),
(40, '2018-06-14', 1037, 1038, '2019-06-27 23:22:45', '2019-06-27 23:22:45'),
(41, '2017-12-27', 1038, 1034, '2019-06-27 23:28:18', '2019-06-27 23:28:18'),
(42, '2018-11-15', 1039, 1035, '2019-06-27 23:33:15', '2019-06-27 23:33:15'),
(43, '2018-03-02', 1040, 1039, '2019-06-27 23:52:17', '2019-06-27 23:52:17'),
(44, '2017-01-07', 1041, 1041, '2019-06-27 23:55:41', '2019-06-27 23:55:41'),
(45, '2016-04-06', 1042, 1040, '2019-06-27 23:58:02', '2019-06-27 23:58:02'),
(46, '2017-06-02', 1043, 1020, '2019-06-28 00:00:45', '2019-06-28 00:00:45'),
(47, '2017-04-12', 1044, 1042, '2019-06-28 00:02:27', '2019-06-28 00:02:27'),
(48, '2016-12-20', 1045, 1021, '2019-06-28 00:07:24', '2019-06-28 00:07:24'),
(49, '2016-12-20', 1046, 1021, '2019-06-28 00:09:27', '2019-06-28 00:09:27'),
(50, '2017-12-06', 1047, 1043, '2019-06-28 00:13:51', '2019-06-28 00:13:51'),
(51, '2018-04-28', 1048, 1044, '2019-06-28 00:16:33', '2019-06-28 00:16:33'),
(52, '2016-09-20', 1049, 1045, '2019-06-28 00:19:58', '2019-06-28 00:19:58'),
(53, '2018-04-20', 1050, 1022, '2019-06-28 00:33:30', '2019-06-28 00:33:30'),
(54, '2016-11-16', 1051, 1023, '2019-06-28 00:36:33', '2019-06-28 00:36:33'),
(55, '2016-04-11', 1052, 1046, '2019-06-28 00:39:32', '2019-06-28 00:39:32'),
(56, '2016-06-11', 1053, 1047, '2019-06-28 00:42:25', '2019-06-28 00:42:25'),
(57, '2017-08-21', 1054, 1024, '2019-06-28 00:44:34', '2019-06-28 00:44:34'),
(58, '2017-08-20', 1055, 1048, '2019-06-28 00:47:58', '2019-06-28 00:47:58'),
(59, '2018-01-29', 1056, 1031, '2019-06-28 00:54:38', '2019-06-28 00:54:38'),
(60, '2019-01-24', 1057, 1261, '2019-06-28 01:01:15', '2019-06-28 01:01:15'),
(61, '2019-01-24', 1058, 1261, '2019-06-28 01:03:33', '2019-06-28 01:03:33'),
(62, '2018-04-11', 1059, 1049, '2019-06-28 01:06:17', '2019-06-28 01:06:17'),
(63, '2016-08-12', 1060, 1025, '2019-06-28 01:08:25', '2019-06-28 01:08:25'),
(64, '2019-06-28', 1061, 1026, '2019-06-28 01:11:04', '2019-06-28 01:11:04'),
(65, '2016-07-03', 1062, 1050, '2019-06-28 19:20:26', '2019-06-28 19:20:26'),
(66, '2018-05-22', 1063, 1051, '2019-06-28 19:22:07', '2019-06-28 19:22:07'),
(67, '2018-03-15', 1064, 1052, '2019-06-28 19:28:06', '2019-06-28 19:28:06'),
(68, '2018-03-15', 1066, 1052, '2019-06-28 19:30:11', '2019-06-28 19:30:11'),
(69, '2018-07-01', 1067, 1053, '2019-06-28 19:33:38', '2019-06-28 19:33:38'),
(70, '2017-01-13', 1068, 1027, '2019-06-28 19:35:26', '2019-06-28 19:35:26'),
(71, '2017-11-03', 1069, 1028, '2019-06-28 19:37:12', '2019-06-28 19:37:12'),
(72, '2017-08-25', 1070, 1055, '2019-06-28 19:38:54', '2019-06-28 19:38:54'),
(73, '2016-11-07', 1003, 1054, '2019-06-28 19:40:19', '2019-06-28 19:40:19'),
(74, '2016-08-25', 1071, 1029, '2019-06-28 19:42:03', '2019-06-28 19:42:03'),
(75, '2019-01-24', 1072, 1030, '2019-06-28 19:46:42', '2019-06-28 19:46:42'),
(76, '2017-09-30', 1073, 1032, '2019-06-28 19:48:43', '2019-06-28 19:48:43'),
(77, '2018-06-29', 1074, 1056, '2019-06-28 19:50:44', '2019-06-28 19:50:44'),
(78, '2017-06-19', 1074, 1033, '2019-06-28 20:21:43', '2019-06-28 20:21:43'),
(79, '2016-07-02', 1075, 1057, '2019-06-28 20:37:21', '2019-06-28 20:37:21'),
(80, '2016-02-01', 1076, 1058, '2019-06-28 20:39:07', '2019-06-28 20:39:07'),
(81, '2018-05-30', 1077, 1262, '2019-06-28 20:41:44', '2019-06-28 20:41:44'),
(82, '2018-07-14', 1078, 1059, '2019-06-28 20:44:09', '2019-06-28 20:44:09'),
(83, '2014-11-10', 1079, 1187, '2019-06-28 20:52:25', '2019-06-28 20:52:25'),
(84, '2016-01-05', 1080, 1186, '2019-06-28 20:54:48', '2019-06-28 20:54:48'),
(85, '2016-01-05', 1080, 1196, '2019-06-28 20:55:30', '2019-06-28 20:55:30'),
(86, '2016-01-05', 1080, 1197, '2019-06-28 20:56:05', '2019-06-28 20:56:05'),
(87, '2015-01-15', 1081, 1195, '2019-06-28 20:58:11', '2019-06-28 20:58:11'),
(88, '2018-10-13', 1082, 1198, '2019-06-28 21:00:12', '2019-06-28 21:00:12'),
(89, '2015-08-17', 1083, 1199, '2019-06-28 21:02:54', '2019-06-28 21:02:54'),
(90, '2016-04-07', 1084, 1200, '2019-06-28 21:04:37', '2019-06-28 21:04:37'),
(91, '2014-06-02', 1085, 1189, '2019-06-28 22:41:08', '2019-06-28 22:41:08'),
(92, '2018-01-25', 1086, 1204, '2019-06-28 22:45:39', '2019-06-28 22:45:39'),
(93, '2017-05-19', 1087, 1190, '2019-06-28 22:48:34', '2019-06-28 22:48:34'),
(94, '2013-06-30', 1088, 1205, '2019-06-28 22:52:07', '2019-06-28 22:52:07'),
(95, '2018-10-02', 1089, 1188, '2019-06-28 22:56:34', '2019-06-28 22:56:34'),
(96, '2016-05-27', 1090, 1192, '2019-06-28 23:02:46', '2019-06-28 23:02:46'),
(97, '2018-10-02', 1091, 1206, '2019-06-28 23:07:27', '2019-06-28 23:07:27'),
(98, '2014-04-02', 1092, 1207, '2019-06-28 23:09:51', '2019-06-28 23:09:51'),
(99, '2016-01-05', 1080, 1208, '2019-06-28 23:16:42', '2019-06-28 23:16:42'),
(100, '2013-06-30', 1088, 1209, '2019-06-28 23:24:01', '2019-06-28 23:24:01'),
(101, '2016-07-08', 1093, 1210, '2019-06-28 23:26:53', '2019-06-28 23:26:53'),
(102, '2014-01-08', 1094, 1211, '2019-06-28 23:29:52', '2019-06-28 23:29:52'),
(103, '2013-06-20', 1095, 1194, '2019-06-28 23:36:39', '2019-06-28 23:36:39'),
(104, '2015-12-22', 1096, 1212, '2019-06-28 23:42:35', '2019-06-28 23:42:35'),
(106, '2013-09-10', 1098, 1213, '2019-06-28 23:49:53', '2019-06-28 23:49:53'),
(107, '2013-07-17', 1099, 1214, '2019-06-28 23:52:52', '2019-06-28 23:52:52'),
(109, '2014-10-04', 1101, 1215, '2019-06-29 00:08:56', '2019-06-29 00:08:56'),
(110, '2014-06-05', 1102, 1216, '2019-06-29 00:12:19', '2019-06-29 00:12:19'),
(111, '2017-07-24', 1103, 1218, '2019-06-29 00:14:00', '2019-06-29 00:14:00'),
(112, '2017-07-24', 1103, 1217, '2019-06-29 00:15:52', '2019-06-29 00:15:52'),
(113, '2013-10-14', 1104, 1219, '2019-06-29 00:18:08', '2019-06-29 00:18:08'),
(114, '2015-06-03', 1105, 1220, '2019-06-29 00:20:57', '2019-06-29 00:20:57'),
(115, '2014-06-05', 1102, 1221, '2019-06-29 00:23:05', '2019-06-29 00:23:05'),
(116, '2014-10-21', 1106, 1222, '2019-06-29 00:24:48', '2019-06-29 00:24:48');

-- --------------------------------------------------------

--
-- Table structure for table `guardians`
--

DROP TABLE IF EXISTS `guardians`;
CREATE TABLE IF NOT EXISTS `guardians` (
  `guardian_id` int(10) UNSIGNED NOT NULL AUTO_INCREMENT,
  `guardian_resident_id` int(10) UNSIGNED DEFAULT NULL,
  `name` varchar(191) COLLATE utf8mb4_unicode_ci DEFAULT NULL,
  `relationship` varchar(191) COLLATE utf8mb4_unicode_ci DEFAULT NULL,
  `mobile_number` varchar(191) COLLATE utf8mb4_unicode_ci DEFAULT NULL,
  `created_at` timestamp NULL DEFAULT NULL,
  `updated_at` timestamp NULL DEFAULT NULL,
  PRIMARY KEY (`guardian_id`),
  KEY `guardians_guardian_resident_id_foreign` (`guardian_resident_id`)
) ENGINE=MyISAM AUTO_INCREMENT=1076 DEFAULT CHARSET=utf8mb4 COLLATE=utf8mb4_unicode_ci;

--
-- Dumping data for table `guardians`
--

INSERT INTO `guardians` (`guardian_id`, `guardian_resident_id`, `name`, `relationship`, `mobile_number`, `created_at`, `updated_at`) VALUES
(1025, 1035, NULL, NULL, NULL, '2019-06-26 00:56:39', '2019-06-26 00:56:39'),
(1026, 1041, NULL, NULL, NULL, '2019-06-26 01:09:00', '2019-06-26 01:09:00'),
(1027, 1042, 'Gina Taringting', 'Mother', NULL, '2019-06-26 01:17:02', '2019-06-26 01:17:02'),
(1028, 1043, 'Mylenne L. Guilas', 'Mother', '09062790211', '2019-06-26 17:58:29', '2019-06-26 17:58:29'),
(1029, 1047, NULL, NULL, NULL, '2019-06-26 18:18:29', '2019-06-26 18:18:29'),
(1030, 1048, 'Aurea M. Garcia', 'Mother', '09215775486', '2019-06-26 18:34:36', '2019-06-26 18:34:36'),
(1031, 1049, 'Lilaine Avellanoza', 'Business Partner', '09072024334', '2019-06-26 18:50:24', '2019-06-26 18:50:24'),
(1032, 1050, NULL, NULL, NULL, '2019-06-26 19:04:33', '2019-06-26 19:04:33'),
(1033, 1051, NULL, NULL, NULL, '2019-06-26 19:40:59', '2019-06-26 19:40:59'),
(1034, 1052, NULL, NULL, NULL, '2019-06-26 19:56:33', '2019-06-26 19:56:33'),
(1035, 1053, 'Erlina Gonzales', 'Mother', '09187468150', '2019-06-26 21:26:05', '2019-06-26 21:26:05'),
(1036, 1054, 'Nicanor C. Infante', 'Husband', '09204154175', '2019-06-26 21:45:33', '2019-06-26 21:45:33'),
(1037, 1058, 'Ferdinand Macabales', 'Father', '09755863682', '2019-06-26 21:58:40', '2019-06-26 21:58:40'),
(1038, 1059, 'Joel Dayrit', 'Husband', '09988671150', '2019-06-26 22:07:33', '2019-06-26 22:07:33'),
(1039, 1064, NULL, NULL, NULL, '2019-06-26 22:33:23', '2019-06-26 22:33:23'),
(1040, 1065, 'Abdullah Nasr Ali', 'Friend', '09566534838', '2019-06-26 22:41:31', '2019-06-26 22:41:31'),
(1041, 1068, 'Soo chul chun', 'Spouse', '09063196498', '2019-06-26 22:53:02', '2019-06-26 22:53:02'),
(1042, 1071, NULL, NULL, NULL, '2019-06-26 23:40:56', '2019-06-26 23:40:56'),
(1043, 1072, 'Alejandro Caballero Jr.', 'Husband', '09235993566', '2019-06-26 23:45:17', '2019-06-26 23:45:17'),
(1044, 1074, NULL, NULL, NULL, '2019-06-27 00:00:01', '2019-06-27 00:00:01'),
(1045, 1075, NULL, NULL, NULL, '2019-06-27 00:04:40', '2019-06-27 00:04:40'),
(1046, 1076, 'Felix Manlangit', 'Father', '09177955811/09178129406', '2019-06-27 00:13:50', '2019-06-27 00:13:50'),
(1047, 1078, NULL, NULL, NULL, '2019-06-27 00:19:37', '2019-06-27 00:19:37'),
(1048, 1084, 'Miriam Son', 'Sister', '354-0771', '2019-06-27 00:26:34', '2019-06-27 00:26:34'),
(1049, 1089, NULL, NULL, NULL, '2019-06-27 00:39:12', '2019-06-27 00:39:12'),
(1050, 1090, NULL, 'Spouse', '09054849298', '2019-06-27 00:41:02', '2019-06-27 00:41:02'),
(1051, 1093, NULL, NULL, NULL, '2019-06-27 00:47:27', '2019-06-27 00:47:27'),
(1052, 1100, NULL, NULL, NULL, '2019-06-27 01:18:01', '2019-06-27 01:18:01'),
(1053, 1109, 'Jessica Delos Trinos', 'Wife', '09177979676', '2019-06-27 16:31:54', '2019-06-27 16:31:54'),
(1054, 1114, 'Juan Del Castillo', 'Father', '09189185742', '2019-06-27 16:47:09', '2019-06-27 16:47:09'),
(1055, 1117, 'Charlene Bocales', 'Niece', NULL, '2019-06-27 16:56:10', '2019-06-27 16:56:10'),
(1056, 1119, NULL, 'Father', '09304911446/02842-4772', '2019-06-27 17:08:19', '2019-06-27 17:08:19'),
(1057, 1120, 'Althea Balacdao', 'Daughter', '09771944271', '2019-06-27 17:17:24', '2019-06-27 17:17:24'),
(1058, 1121, 'Lolita Baguitan', 'Mother', '09364509750', '2019-06-27 17:23:31', '2019-06-27 17:23:31'),
(1059, 1122, NULL, NULL, NULL, '2019-06-27 17:30:03', '2019-06-27 17:30:03'),
(1060, 1126, 'Danilo B. Arizala Jr.', 'Husband', '09290350046', '2019-06-27 17:39:52', '2019-06-27 17:39:52'),
(1061, 1131, 'Ghally Banigo', 'Friend', '09242022670', '2019-06-27 17:57:00', '2019-06-27 17:57:00'),
(1062, 1132, 'Lady Janet Ramos', 'Mother', '09778249827', '2019-06-27 18:03:22', '2019-06-27 18:03:22'),
(1063, 1136, NULL, NULL, NULL, '2019-06-27 18:16:24', '2019-06-27 18:16:24'),
(1064, 1141, 'Katrina Joaquin', 'Girlfriend', '09276493944', '2019-06-27 18:24:10', '2019-06-27 18:24:10'),
(1065, 1146, NULL, NULL, NULL, '2019-06-27 18:28:49', '2019-06-27 18:28:49'),
(1066, 1152, NULL, NULL, NULL, '2019-06-27 18:36:51', '2019-06-27 18:36:51'),
(1067, 1156, NULL, NULL, NULL, '2019-06-27 18:43:08', '2019-06-27 18:43:08'),
(1068, 1157, 'Danilo I. Nool', 'Father', '09182961618', '2019-06-27 18:48:57', '2019-06-27 18:48:57'),
(1069, 1160, 'Angeline Chun', 'Spouse', '09065634675/09063196498', '2019-06-27 18:55:29', '2019-06-27 18:55:29'),
(1070, 1163, 'Arnola Amolat', 'Husband', '09290768374', '2019-06-27 19:05:54', '2019-06-27 19:05:54'),
(1071, 1169, 'Marcelina Alfara', 'Mother', '09366146568', '2019-06-27 19:16:09', '2019-06-27 19:16:09'),
(1072, 1170, NULL, NULL, NULL, '2019-06-27 19:46:36', '2019-06-27 19:46:36'),
(1073, 1177, 'Ronald Ramos', 'Father', NULL, '2019-06-27 19:56:25', '2019-06-27 19:56:25'),
(1074, 1180, NULL, NULL, NULL, '2019-06-27 20:02:27', '2019-06-27 20:02:27'),
(1075, 1181, 'Ajrah Datuin', 'Relative', '09278422442', '2019-06-27 22:05:22', '2019-06-27 22:05:22');

-- --------------------------------------------------------

--
-- Table structure for table `migrations`
--

DROP TABLE IF EXISTS `migrations`;
CREATE TABLE IF NOT EXISTS `migrations` (
  `id` int(10) UNSIGNED NOT NULL AUTO_INCREMENT,
  `migration` varchar(191) COLLATE utf8mb4_unicode_ci NOT NULL,
  `batch` int(11) NOT NULL,
  PRIMARY KEY (`id`)
) ENGINE=MyISAM AUTO_INCREMENT=88 DEFAULT CHARSET=utf8mb4 COLLATE=utf8mb4_unicode_ci;

--
-- Dumping data for table `migrations`
--

INSERT INTO `migrations` (`id`, `migration`, `batch`) VALUES
(73, '2014_10_12_000000_create_users_table', 1),
(74, '2014_10_12_100000_create_password_resets_table', 1),
(75, '2019_06_16_122901_create_rooms_table', 1),
(76, '2019_06_16_130854_create_residents_table', 1),
(77, '2019_06_16_131232_create_owners_table', 1),
(78, '2019_06_17_024144_create_guardians_table', 1),
(79, '2019_06_17_031856_create_transactions_table', 1),
(80, '2019_06_17_054434_create_payments_table', 1),
(81, '2019_06_17_075135_create_representatives_table', 1),
(82, '2019_06_17_081816_create_banks_table', 1),
(83, '2019_06_17_134739_create_contracts_table', 1),
(84, '2019_06_19_032019_add_primary_resident_id_to_residents', 2),
(85, '2019_06_19_081438_add_floor_number_to_rooms', 3),
(86, '2019_06_21_012527_add_authenticated_to_users', 4),
(87, '2019_06_27_070340_add_transient_to_rooms_table', 5);

-- --------------------------------------------------------

--
-- Table structure for table `owners`
--

DROP TABLE IF EXISTS `owners`;
CREATE TABLE IF NOT EXISTS `owners` (
  `owner_id` int(10) UNSIGNED NOT NULL AUTO_INCREMENT,
  `owner_first_name` varchar(191) COLLATE utf8mb4_unicode_ci NOT NULL,
  `owner_middle_name` varchar(191) COLLATE utf8mb4_unicode_ci DEFAULT NULL,
  `owner_last_name` varchar(191) COLLATE utf8mb4_unicode_ci NOT NULL,
  `owner_birthdate` date DEFAULT NULL,
  `owner_gender` varchar(191) COLLATE utf8mb4_unicode_ci DEFAULT NULL,
  `owner_nationality` varchar(191) COLLATE utf8mb4_unicode_ci DEFAULT NULL,
  `owner_civil_status` varchar(191) COLLATE utf8mb4_unicode_ci DEFAULT NULL,
  `owner_ethnicity` varchar(191) COLLATE utf8mb4_unicode_ci DEFAULT NULL,
  `owner_id_info` varchar(191) COLLATE utf8mb4_unicode_ci DEFAULT NULL,
  `owner_email_address` varchar(191) COLLATE utf8mb4_unicode_ci DEFAULT NULL,
  `owner_mobile_number` varchar(191) COLLATE utf8mb4_unicode_ci DEFAULT NULL,
  `owner_telephone_number` varchar(191) COLLATE utf8mb4_unicode_ci DEFAULT NULL,
  `owner_house_number` varchar(191) COLLATE utf8mb4_unicode_ci DEFAULT NULL,
  `owner_barangay` varchar(191) COLLATE utf8mb4_unicode_ci DEFAULT NULL,
  `owner_municipality` varchar(191) COLLATE utf8mb4_unicode_ci DEFAULT NULL,
  `owner_province` varchar(191) COLLATE utf8mb4_unicode_ci DEFAULT NULL,
  `owner_zip` varchar(191) COLLATE utf8mb4_unicode_ci DEFAULT NULL,
  `owner_img` varchar(191) COLLATE utf8mb4_unicode_ci DEFAULT NULL,
  `created_at` timestamp NULL DEFAULT NULL,
  `updated_at` timestamp NULL DEFAULT NULL,
  PRIMARY KEY (`owner_id`),
  UNIQUE KEY `owners_owner_email_address_unique` (`owner_email_address`),
  UNIQUE KEY `owners_owner_mobile_number_unique` (`owner_mobile_number`)
) ENGINE=MyISAM AUTO_INCREMENT=1107 DEFAULT CHARSET=utf8mb4 COLLATE=utf8mb4_unicode_ci;

--
-- Dumping data for table `owners`
--

INSERT INTO `owners` (`owner_id`, `owner_first_name`, `owner_middle_name`, `owner_last_name`, `owner_birthdate`, `owner_gender`, `owner_nationality`, `owner_civil_status`, `owner_ethnicity`, `owner_id_info`, `owner_email_address`, `owner_mobile_number`, `owner_telephone_number`, `owner_house_number`, `owner_barangay`, `owner_municipality`, `owner_province`, `owner_zip`, `owner_img`, `created_at`, `updated_at`) VALUES
(1002, 'Jessie', NULL, 'Amangyen', NULL, NULL, NULL, NULL, NULL, 'IBP Roll # 51280', 'verone_1817@yahoo.com', NULL, NULL, NULL, NULL, NULL, NULL, NULL, NULL, '2019-06-17 19:02:57', '2019-06-17 19:02:57'),
(1003, 'Violeta', NULL, 'King', NULL, NULL, NULL, NULL, NULL, NULL, 'evrolpindo@yahoo.com.ph', NULL, NULL, '28 Hillside, Block 2,', NULL, 'Baguio City', NULL, NULL, NULL, '2019-06-18 06:44:06', '2019-06-18 06:44:06'),
(1004, 'Kenneth', NULL, 'Lu', NULL, 'M', NULL, NULL, NULL, NULL, 'ngal101958@gmail.com', '09176261636', NULL, 'Blk.18,lot 11', 'Joselito St.Greenfields 3', 'Novaliches', 'Quezon City', NULL, NULL, '2019-06-19 00:18:06', '2019-06-19 00:18:06'),
(1005, 'Carina', NULL, 'Castillo', NULL, 'M', NULL, NULL, NULL, NULL, 'katzcaslle71@gmail.com', '09954511925', NULL, '#36 Evangelista', 'St , Leonilla Hill', NULL, NULL, NULL, NULL, '2019-06-19 01:06:06', '2019-06-19 01:06:06'),
(1006, 'Perlita', NULL, 'Martinez', NULL, NULL, NULL, NULL, NULL, NULL, 'DIANA717@YAHOO.COM', NULL, '16474489720', NULL, 'VILA', 'ROSARIO', 'LA UNION', NULL, NULL, '2019-06-21 00:00:53', '2019-06-21 00:00:53'),
(1007, 'MARY GRACE', NULL, 'AQUINO', NULL, 'F', NULL, NULL, NULL, NULL, 'MARYGRACEAQUNIO@ICLOUD.COM', '09393910617', NULL, NULL, 'NILOMBOT', 'MAPANDAN', 'PANGASINAN', NULL, NULL, '2019-06-21 00:20:19', '2019-06-21 00:20:19'),
(1008, 'MILAGROS', NULL, 'ANCHETA', NULL, 'F', NULL, NULL, NULL, NULL, NULL, 'MCANCHETA@SBCGLOBAL.NET', '(408) 933-9374', 'SUMMER BLOSSOM AVE, SAN JOSE CA', NULL, NULL, NULL, NULL, NULL, '2019-06-21 00:22:44', '2019-06-21 00:22:44'),
(1009, 'MANUEL', NULL, 'ANCHETA', NULL, 'M', NULL, NULL, NULL, NULL, NULL, NULL, NULL, NULL, NULL, NULL, NULL, NULL, NULL, '2019-06-21 00:24:18', '2019-06-21 00:24:18'),
(1010, 'GRACE', NULL, 'ARCHOG', NULL, 'F', NULL, NULL, NULL, NULL, 'ARNELGRACE24@GMAIL.COM', '09088953924', NULL, NULL, NULL, NULL, NULL, NULL, NULL, '2019-06-21 00:26:55', '2019-06-21 00:26:55'),
(1012, 'ISAEL', NULL, 'BASILIO', NULL, NULL, NULL, NULL, NULL, NULL, 'ISAEL.BASILIO20@GMAIL.COM', '09491538910', NULL, 'B-8 L-1 C. ARELLANO', 'ST., KATARUNGAN VILL.', NULL, 'MUNTINLUPA CITY', NULL, NULL, '2019-06-21 00:31:38', '2019-06-21 00:31:38'),
(1013, 'JANE', NULL, 'BASILIO', NULL, 'F', NULL, NULL, NULL, NULL, NULL, NULL, NULL, NULL, NULL, NULL, NULL, NULL, NULL, '2019-06-21 00:37:45', '2019-06-21 00:37:45'),
(1014, 'JAMES', NULL, 'DYSON', NULL, NULL, NULL, NULL, NULL, NULL, 'dellydizon@yahoo.com', NULL, NULL, NULL, NULL, NULL, NULL, NULL, NULL, '2019-06-21 00:38:56', '2019-06-21 00:38:56'),
(1015, 'FLORDELIZA', NULL, 'DYSON', NULL, NULL, NULL, NULL, NULL, NULL, NULL, NULL, NULL, NULL, NULL, NULL, NULL, NULL, NULL, '2019-06-21 00:39:39', '2019-06-21 00:39:39'),
(1016, 'NENITA', NULL, 'PATTAO', NULL, NULL, NULL, NULL, NULL, NULL, NULL, NULL, NULL, NULL, NULL, NULL, NULL, NULL, NULL, '2019-06-21 00:40:34', '2019-06-21 00:40:34'),
(1017, 'DORIS', NULL, 'AARAS', NULL, NULL, NULL, NULL, NULL, NULL, 'daaras@ous-hf.no', NULL, '4790604904', 'Fjordsvingen 11 3427 Gullaug, Norway', NULL, NULL, NULL, NULL, NULL, '2019-06-21 00:41:40', '2019-06-21 00:41:40'),
(1018, 'EDNA', NULL, 'LIBAGO', NULL, NULL, NULL, NULL, NULL, NULL, 'grace.ed2238@yahoo.com', '09457947450/09657209112', NULL, 'B-15 L28 Villamar Subd.', NULL, 'Iponan', 'CDO', NULL, NULL, '2019-06-21 00:43:05', '2019-06-21 00:43:05'),
(1019, 'JOHN', NULL, 'MACLI-ING', NULL, NULL, NULL, NULL, NULL, NULL, 'joverlyn.espejo@gmail.com', '9105170845', NULL, '0429 Adiwang Road', 'Green Valley', 'Baguio City', NULL, NULL, NULL, '2019-06-21 00:44:27', '2019-06-21 00:44:27'),
(1020, 'JOSEFINA', 'M.', 'KIMURA', NULL, NULL, NULL, NULL, NULL, NULL, NULL, '09261295197/09464295459', NULL, '220 Amsing, Siapno Rd', 'Pacdal', 'Baguio City', NULL, NULL, NULL, '2019-06-21 00:47:30', '2019-06-21 00:47:30'),
(1021, 'ROSEL', NULL, 'SARMIENTO', NULL, NULL, NULL, NULL, NULL, NULL, 'rosel.g.sarmiento@gmail.com', '9174272592', NULL, 'PA 004C', 'Wangal', 'La Trinidad', 'Benguet', NULL, NULL, '2019-06-21 00:54:35', '2019-06-21 00:54:35'),
(1022, 'KAREEN MELENDRE', 'E.', 'TILA', NULL, NULL, NULL, NULL, NULL, NULL, 'ayessa_2@yahoo.com', NULL, '(074) 422 3348', '26 Lower West Amistad Rd., ,', 'Camp 7', 'Baguio City', NULL, NULL, NULL, '2019-06-21 00:56:07', '2019-06-21 00:56:07'),
(1023, 'MARIA FLORENCIA', 'S.', 'CAPULONG', NULL, NULL, NULL, NULL, NULL, NULL, 'capulongflor@yahoo.com', '0459820152/09275782937', NULL, '04 Edna Street', NULL, 'San Sebastian Village', 'Tarlac City', NULL, NULL, '2019-06-21 00:58:35', '2019-06-21 00:58:35'),
(1024, 'Jennifer', NULL, 'Salangsang', NULL, NULL, NULL, NULL, NULL, NULL, 'jenbsalangsang@yahoo.com', '09053018368/09328885368', NULL, '72', 'Kalayaan B. St', 'Quezon City', NULL, NULL, NULL, '2019-06-24 21:35:15', '2019-06-24 21:35:15'),
(1025, 'Ma Emma', NULL, 'Aguimbag', NULL, NULL, NULL, NULL, NULL, NULL, 'emma.aguimbag@metrobank.com.ph', '09984753888', NULL, 'Blk 7 Lot 46 Simon', 'St.San Pedro 7 Subd., San Bartolome, Nova.,', 'Quezon City', NULL, NULL, NULL, '2019-06-24 21:43:15', '2019-06-24 21:43:15'),
(1026, 'Mariel', NULL, 'Chavez', NULL, NULL, NULL, NULL, NULL, NULL, 'marielchavez777@yahoo.com', '09985102173', '424-4785', '77', 'Ma.Puguis', 'La Trinidad', 'Benguet', NULL, NULL, '2019-06-24 21:45:42', '2019-06-24 21:45:42'),
(1027, 'Jennifer', NULL, 'Chua', NULL, NULL, NULL, NULL, NULL, NULL, 'jennchua.jc@gmail.com/cream_bulak@yahoo.com', '09178315518', NULL, '35', 'Zandueta St.', 'Baguio City', 'Benguet', NULL, NULL, '2019-06-24 21:47:47', '2019-06-24 21:47:47'),
(1028, 'Honoratoe', NULL, 'Adag', NULL, NULL, NULL, NULL, NULL, NULL, 'adagsky_honorato@yahoo.com/annabeladag@yahoo.com', '0907-450-5416', NULL, NULL, 'lanas loo, buguias', 'Bernguet', NULL, NULL, NULL, '2019-06-24 21:52:28', '2019-06-24 21:52:28'),
(1031, 'Nancy', 'Co', 'Ong', NULL, NULL, NULL, NULL, NULL, NULL, NULL, '09209258279', NULL, NULL, 'Rizal St.', 'Pozorubbio', 'Pangasinan', NULL, NULL, '2019-06-24 22:12:32', '2019-06-24 22:12:32'),
(1032, 'Manolito', NULL, 'Chavez', NULL, NULL, NULL, NULL, NULL, NULL, 'manolito_chavez@yahoo.com', '0998-5102-173', '424-4785', '1', 'Modesta Street Mines View Park', 'Baguio City', 'Benguet', NULL, NULL, '2019-06-24 22:16:32', '2019-06-24 22:16:32'),
(1033, 'Allan', NULL, 'Inde', NULL, NULL, NULL, NULL, NULL, NULL, 'allan.indie@yahoo.com.sg', '09053505930', NULL, NULL, NULL, NULL, NULL, NULL, NULL, '2019-06-24 22:20:17', '2019-06-24 22:20:17'),
(1034, 'Leo', NULL, 'Oasay', NULL, NULL, NULL, NULL, NULL, NULL, 'leooasay@guam.net;leooasay@gmail.com', NULL, NULL, NULL, 'P.O BOX 315814', 'Tanuning Guam 936931', NULL, NULL, NULL, '2019-06-24 22:22:54', '2019-06-24 22:22:54'),
(1035, 'Winalyn', 'Adams', 'Litilit', '1978-06-30', 'F', 'Filipino', NULL, NULL, NULL, 'winlnz630@yahoo.com', '09999833780', NULL, '#179A', 'Lam-en Village, San Carlos Heights', 'Baguio', 'Benguet', NULL, NULL, '2019-06-26 23:22:27', '2019-06-26 23:22:27'),
(1036, 'Edward', NULL, 'Kiat-ong', NULL, NULL, NULL, NULL, NULL, NULL, 'edwardkiatong@yahoo.com', '09490504038', NULL, 'balatoc mines', 'virac', 'itogon', 'benguet', NULL, NULL, '2019-06-27 23:13:35', '2019-06-27 23:13:35'),
(1037, 'FIÑONES ANISIA RIZALINDA', NULL, 'BAGTANG', NULL, NULL, NULL, NULL, NULL, NULL, 'fanisiarizalinda@yahoo.com', '9159977240', NULL, 'B6L25', 'Castillian Classic Bf resort', 'Las pinas City', NULL, NULL, NULL, '2019-06-27 23:22:45', '2019-06-27 23:22:45'),
(1038, 'Gerardo Antonio', NULL, 'Carcamo', NULL, NULL, NULL, NULL, NULL, NULL, 'lynna.torayo2@yahoo.com/k-b_constractionin@hotmail.com', '0905288903/5218855/8087217185', NULL, '2121 ala wai', 'blvd1503', 'honolulu', 'hi96815', NULL, NULL, '2019-06-27 23:28:17', '2019-06-27 23:28:17'),
(1039, 'Jesus', NULL, 'Cabantac', NULL, NULL, NULL, NULL, NULL, NULL, NULL, '0918-226-7640', NULL, NULL, 'Ungab', 'Cuyapo', 'Nueva Ecija', NULL, NULL, '2019-06-27 23:33:14', '2019-06-27 23:33:14'),
(1040, 'Jayme', 'G.', 'Bugayong', NULL, NULL, NULL, NULL, NULL, NULL, 'mikee09au@gmail.com', '9178097906', NULL, '#66', 'lower south sanitary camp', 'baguio city', 'benguet', NULL, NULL, '2019-06-27 23:52:17', '2019-06-27 23:52:17'),
(1041, 'Annie', NULL, 'Cawi', NULL, NULL, NULL, NULL, NULL, NULL, 'edcablaw@yahoo.com', '074-619 5253/\'0917 538 0705/\'0917 538 0289', NULL, '25 Happy Homes', 'Magsaysay', 'Baguio', 'Benguet', NULL, NULL, '2019-06-27 23:55:40', '2019-06-27 23:55:40'),
(1042, 'Roxy', NULL, 'Grageda', NULL, NULL, NULL, NULL, NULL, NULL, 'crosswalk_723@yahoo.com', '09208218939', NULL, NULL, NULL, NULL, NULL, NULL, NULL, '2019-06-27 23:58:01', '2019-06-27 23:58:01'),
(1043, 'Virgilio', NULL, 'Sumait', NULL, NULL, NULL, NULL, NULL, NULL, 'jijisumait@gmail.com', NULL, NULL, '53 Lachica St', NULL, 'Urdaneta City', 'Pangasinan', NULL, NULL, '2019-06-28 00:00:45', '2019-06-28 00:00:45'),
(1044, 'Juliet', NULL, 'Flores', NULL, NULL, NULL, NULL, NULL, NULL, NULL, '0921 788 9559', NULL, NULL, NULL, NULL, NULL, NULL, NULL, '2019-06-28 00:02:27', '2019-06-28 00:02:27'),
(1045, 'Jonathan', NULL, 'Estrada', NULL, NULL, NULL, NULL, NULL, NULL, 'bongortho72@yahoo.com', '09228152443', NULL, '#514 514 Ignacio Canto St.,', 'Poblacion', 'Bugallon', 'Pangasinan', NULL, NULL, '2019-06-28 00:07:23', '2019-06-28 00:07:23'),
(1046, 'Ma Concepcion', NULL, 'Estrada', NULL, NULL, NULL, NULL, NULL, NULL, 'estradanathania05@gmail.com', '09228152448', NULL, '#514 514 Ignacio Canto St.,', 'Poblacion', 'Bugallon', 'Pangasinan', NULL, NULL, '2019-06-28 00:09:27', '2019-06-28 00:09:27'),
(1047, 'Adelia', 'B.', 'Reyes', NULL, NULL, NULL, NULL, NULL, NULL, 'gagz00143@gmail.com', '0935-740-7453', NULL, NULL, 'Bani', 'Rosario', 'La union', NULL, NULL, '2019-06-28 00:13:51', '2019-06-28 00:13:51'),
(1048, 'Vermon', 'M', 'De Guzman', NULL, NULL, NULL, NULL, NULL, NULL, 'verjigs@yahoo.com', '0917-303-8634', NULL, 'unit 517 tower l hamton garden', 'Maybunga', 'pasig city', NULL, NULL, NULL, '2019-06-28 00:16:33', '2019-06-28 00:16:33'),
(1049, 'Marjorie', NULL, 'Galasgas', NULL, NULL, NULL, NULL, NULL, NULL, 'pijbelle@yahoo.com', '09498408032', NULL, 'Lower Capjaran', 'Km 4 Pico', 'La Trinidad', 'Benguet', NULL, NULL, '2019-06-28 00:19:57', '2019-06-28 00:19:57'),
(1050, 'Melinda', 'S.', 'Capil', NULL, NULL, NULL, NULL, NULL, NULL, 'melindacapil2018@gmail.com.ph', '0920-201-5151', NULL, 'St.Paul Homes', 'Sto.Tomas', 'Capis', 'Tarlac', NULL, NULL, '2019-06-28 00:33:29', '2019-06-28 00:33:29'),
(1051, 'Randolph', NULL, 'Malto', NULL, NULL, NULL, NULL, NULL, NULL, 'randymalto@yahoo.com', '0947-802-9023/0918-254-6196', NULL, '224 Maharlika Hiway', 'Namuac', 'Sanchez Mira', 'Cagayan', NULL, NULL, '2019-06-28 00:36:33', '2019-06-28 00:36:33'),
(1052, 'Henry', NULL, 'Aclipen', NULL, NULL, NULL, NULL, NULL, NULL, 'aclhen@yahoo.com;henryaclipen@dla.mil', '09082835585', NULL, '0586', 'Lawy', 'Capas', 'Tarlac', NULL, NULL, '2019-06-28 00:39:32', '2019-06-28 00:39:32'),
(1053, 'Irma Grace', NULL, 'Eg-an', NULL, NULL, NULL, NULL, NULL, NULL, 'irmagraceegan@gmail.com;sunderaraj@stengg.com', '09984545662', NULL, 'Blk. 14 Lot 44', 'Lamb Banangan', 'Sablan', 'Benguet', NULL, NULL, '2019-06-28 00:42:25', '2019-06-28 00:42:25'),
(1054, 'Hazel', NULL, 'Pitpit', NULL, NULL, NULL, NULL, NULL, NULL, 'im_hazel05@yahoo.com', '09398288152', NULL, 'Block 22 Lot 52 Apollo St.,', 'North Olympus Subd.', NULL, NULL, NULL, NULL, '2019-06-28 00:44:34', '2019-06-28 00:44:34'),
(1055, 'Ceferino', NULL, 'Mateo', NULL, NULL, NULL, NULL, NULL, NULL, 'ceferinomateo@gmail.com', NULL, NULL, 'DE-100', 'Dengsi Tawang', 'La Trinidad', 'Benguet', NULL, NULL, '2019-06-28 00:47:58', '2019-06-28 00:47:58'),
(1056, 'Violeta', 'C.', 'Laugren', NULL, NULL, NULL, NULL, NULL, NULL, 'violetalovgren@yahoo.com', NULL, '707-853-1326', 'P.O Box 5414', NULL, 'vallejo', 'Ca 94591', NULL, NULL, '2019-06-28 00:54:36', '2019-06-28 00:54:36'),
(1057, 'ROMEL', NULL, 'BAGTANG', NULL, NULL, NULL, NULL, NULL, NULL, 'bic_bagtang@yahoo.com', '9167879752', NULL, 'P-4', 'BULANAO', 'TABUK CITY', 'KALINGA', NULL, NULL, '2019-06-28 01:01:15', '2019-06-28 01:01:15'),
(1058, 'MARIVIC', NULL, 'BAGTANG', NULL, NULL, NULL, NULL, NULL, NULL, NULL, NULL, NULL, 'P-4', 'BULANAO', 'TABUK CITY', 'KALINGA', NULL, NULL, '2019-06-28 01:03:30', '2019-06-28 01:03:30'),
(1059, 'Jeramie', NULL, 'Bergonia', NULL, NULL, NULL, NULL, NULL, NULL, 'bergonia_jeramie@yahoo.com', '17097301400/09177294512', NULL, NULL, 'naguiran', 'pidigan', 'Abra', NULL, NULL, '2019-06-28 01:06:17', '2019-06-28 01:06:17'),
(1060, 'Edna', NULL, 'Dilinila', NULL, NULL, NULL, NULL, NULL, NULL, 'edina2006@sbcglobal.net;kristofferlee_dance@yahoo.com', '09771027406/09063549859', NULL, '53', 'Scout Barrio', 'Baguio City', 'Benguet', NULL, NULL, '2019-06-28 01:08:25', '2019-06-28 01:08:25'),
(1061, 'Mae Glicer', 'G.', 'Torres', NULL, NULL, NULL, NULL, NULL, NULL, 'denmae26@yahoo.com.ph', '9282280091', NULL, '54 felix firm st.', 'san jose', 'san,narciso', 'zambales', NULL, NULL, '2019-06-28 01:11:04', '2019-06-28 01:11:04'),
(1062, 'Venus', NULL, 'Marije', NULL, 'F', NULL, NULL, NULL, NULL, 'venus2602@gmail.com', '966507671450', NULL, 'Block 21 Lot 34', 'Samantha Homes', 'Bago Gallera', 'Davao City', NULL, NULL, '2019-06-28 19:20:25', '2019-06-28 19:20:25'),
(1063, 'Manuel', NULL, 'Mora', NULL, NULL, NULL, NULL, NULL, NULL, 'manniemora@yahoo.com', '0908-910-9947', NULL, '#8 Begonia St.Amparo st.', 'Camp 7', 'Baguio City', NULL, NULL, NULL, '2019-06-28 19:22:07', '2019-06-28 19:22:07'),
(1064, 'Romeo', NULL, 'Lodia', NULL, NULL, NULL, NULL, NULL, NULL, 'vrlodia@att.net', NULL, '510-334-4197', '1244 Promenade St.Hercules, USA', NULL, NULL, 'CA', NULL, NULL, '2019-06-28 19:28:06', '2019-06-28 19:28:06'),
(1065, 'Violeta', NULL, 'Lodia', NULL, NULL, NULL, NULL, NULL, NULL, NULL, NULL, NULL, NULL, NULL, NULL, NULL, NULL, NULL, '2019-06-28 19:28:44', '2019-06-28 19:28:44'),
(1066, 'Violeta', NULL, 'Lodia', NULL, NULL, NULL, NULL, NULL, NULL, NULL, NULL, NULL, NULL, NULL, NULL, NULL, NULL, NULL, '2019-06-28 19:30:08', '2019-06-28 19:30:08'),
(1067, 'Mary Greal', 'D', 'Jacildone', NULL, NULL, NULL, NULL, NULL, NULL, 'edjacildone@yahoo.com', '9090823331', NULL, '#139 smith Drive purok 8', 'upper asin rd', 'Baguio City', NULL, NULL, NULL, '2019-06-28 19:33:38', '2019-06-28 19:33:38'),
(1068, 'Rosal', NULL, 'Dilinila', NULL, NULL, NULL, NULL, NULL, NULL, NULL, '09175574166', NULL, '194 Lower East Purok 4 Pias Road', 'Camp 7', NULL, NULL, NULL, NULL, '2019-06-28 19:35:26', '2019-06-28 19:35:26'),
(1069, 'Marlyn', NULL, 'Rimando', NULL, NULL, NULL, NULL, NULL, NULL, 'marlynvillanda10@gmail.com,', '9291299219', NULL, '#20 canberra drive', NULL, NULL, NULL, NULL, NULL, '2019-06-28 19:37:12', '2019-06-28 19:37:12'),
(1070, 'Cherry Antonette', NULL, 'Dumalsin', NULL, NULL, NULL, NULL, NULL, NULL, 'cheanndumalsin@gmail.com', '09087855040', NULL, NULL, NULL, NULL, NULL, NULL, NULL, '2019-06-28 19:38:54', '2019-06-28 19:38:54'),
(1071, 'Mark Jayson', NULL, 'Reyes', NULL, NULL, NULL, NULL, NULL, NULL, 'markjaysonreyes@gmail.com', '09157975515', NULL, 'B2L53 Summerfield East Subd.', NULL, 'Taytay', 'Rizal', NULL, NULL, '2019-06-28 19:42:03', '2019-06-28 19:42:03'),
(1072, 'DAIDA', 'B.', 'SAGULO', NULL, NULL, NULL, NULL, NULL, NULL, 'face_uluv88@yahoo.com', '0917-659-4888', NULL, 'NO.5 RIVERA ST FERGUSSON RD ROAD GUISAD', NULL, 'BAGUIO CITY', NULL, NULL, NULL, '2019-06-28 19:46:42', '2019-06-28 19:46:42'),
(1073, 'Jane', NULL, 'Palitayan', NULL, NULL, NULL, NULL, NULL, NULL, 'janepalitayan@gmail.com', '09499913704', NULL, NULL, NULL, NULL, NULL, NULL, NULL, '2019-06-28 19:48:43', '2019-06-28 19:48:43'),
(1074, 'Pamelorose', NULL, 'Regis', NULL, NULL, NULL, NULL, NULL, NULL, 'pmrlabpoly@yahoo.com', '09157790601/09155398193', NULL, '#4 Perez St South Poblacion', NULL, 'Urdaneta City', 'Pangasinan', NULL, NULL, '2019-06-28 19:50:44', '2019-06-28 19:50:44'),
(1075, 'Winston', NULL, 'Agcon', NULL, NULL, NULL, NULL, NULL, NULL, 'winstonagcon@gmail.com', '09297215255/09175192836', NULL, 'No. 26 Quezon St. Dagupan', 'West Tarlac', NULL, 'Kalinga', NULL, NULL, '2019-06-28 20:37:20', '2019-06-28 20:37:20'),
(1076, 'Mary Ann', NULL, 'Tiwanac', NULL, NULL, NULL, NULL, NULL, NULL, 'mary_ann21327@hotmail.com', '09954387372', NULL, 'Avenida da Concordia Edif Wang Hoi Block 4  10-C', NULL, NULL, 'Macau', NULL, NULL, '2019-06-28 20:39:07', '2019-06-28 20:39:07'),
(1077, 'Lory', 'M', 'Garas', NULL, NULL, NULL, NULL, NULL, NULL, 'dr_garas@yahoo.com', '0915-517-3371', NULL, '173 rock quarry', NULL, 'Baguio City', NULL, NULL, NULL, '2019-06-28 20:41:44', '2019-06-28 20:41:44'),
(1078, 'Stephanie Joy', NULL, 'Rolusta', NULL, NULL, NULL, NULL, NULL, NULL, 'stephrolusta@gmail.com', '0977-824-9760', NULL, NULL, NULL, 'san Fernando city', 'la union', NULL, NULL, '2019-06-28 20:44:09', '2019-06-28 20:44:09'),
(1079, 'Orlando', NULL, 'Asuncion', NULL, NULL, NULL, NULL, NULL, NULL, 'oasuncion_74@yahoo.com', '09214905776/09196985054', NULL, NULL, NULL, NULL, NULL, NULL, NULL, '2019-06-28 20:52:25', '2019-06-28 20:52:25'),
(1080, 'Min Jyong', NULL, 'Suk', NULL, NULL, NULL, NULL, NULL, NULL, 'minjyongsuk.hanmail.net', '0905-424-1008', NULL, NULL, NULL, NULL, NULL, NULL, NULL, '2019-06-28 20:54:48', '2019-06-28 20:54:48'),
(1081, 'Vilma', NULL, 'Tiwaken', NULL, NULL, NULL, NULL, NULL, NULL, 'vinztiwaken@yahoo.com', NULL, '403-870-8976', 'FD212 Pines Park,', 'KM 4', 'La trinidad', NULL, NULL, NULL, '2019-06-28 20:58:11', '2019-06-28 20:58:11'),
(1082, 'Khalid Mubarak Lal', NULL, 'Bakhsh', NULL, NULL, NULL, NULL, NULL, NULL, 'khalidjoe7@gmail.com', '0977-0550-770/+968-989-7300', NULL, '38 Monaco St.Ciudad', 'Grande 2', 'Rosario', 'Pasig City', NULL, NULL, '2019-06-28 21:00:11', '2019-06-28 21:00:11'),
(1083, 'Ferdinand', NULL, 'Benbenen', NULL, NULL, NULL, NULL, NULL, NULL, NULL, '09185213558', NULL, 'Abatan,', 'Bauko', 'Mt Province', NULL, NULL, NULL, '2019-06-28 21:02:53', '2019-06-28 21:02:53'),
(1084, 'Cynthia', NULL, 'Romero', NULL, NULL, NULL, NULL, NULL, NULL, 'abeerromero@gmail.com', '09183964353/09209382187', NULL, '23 Javier St., Poblacion', NULL, 'San Juan', 'Batangas', NULL, NULL, '2019-06-28 21:04:36', '2019-06-28 21:04:36'),
(1085, 'Arnold', NULL, 'Pineda', NULL, NULL, NULL, NULL, NULL, NULL, 'ms.celbchan@yahoo.com.ph', '09279180140', NULL, '#304 Anupul Blk 2', 'Bamban', 'Tarlac', 'Tarlac', NULL, NULL, '2019-06-28 22:41:08', '2019-06-28 22:41:08'),
(1086, 'Julie', 'B', 'Bersamin', NULL, NULL, NULL, NULL, NULL, NULL, NULL, '09289640275', NULL, NULL, NULL, NULL, NULL, NULL, NULL, '2019-06-28 22:45:39', '2019-06-28 22:45:39'),
(1087, 'Joeland', NULL, 'Ilumin', NULL, NULL, NULL, NULL, NULL, NULL, 'joy_ilumin@yahoo.com', '09479216045', NULL, NULL, NULL, 'Nayalisan Tuba', 'Benguet', NULL, NULL, '2019-06-28 22:48:34', '2019-06-28 22:48:34'),
(1088, 'Eslao', 'V', 'Ma Conception', NULL, NULL, NULL, NULL, NULL, NULL, 'mcveslao@yahoo.com', '09176223630', NULL, '238 Hillside Baguio City', NULL, 'Baguio City', 'Benguet', NULL, NULL, '2019-06-28 22:52:06', '2019-06-28 22:52:06'),
(1089, 'Herbert', 'S', 'Abille', NULL, NULL, NULL, NULL, NULL, NULL, 'herbs222@yahoo.com', '0919-246-7295', NULL, 'lot 9,blk 11 marville homes subd', NULL, 'tuba', NULL, NULL, NULL, '2019-06-28 22:56:33', '2019-06-28 22:56:33'),
(1090, 'Margarita', NULL, 'Mallari', NULL, NULL, NULL, NULL, NULL, NULL, 'pam_mallari@yahoo.com', '09164090871', NULL, '#71 Ph.5 Molave ST.', 'Greenwoods Exec. Village Cainta', 'Rizal', NULL, NULL, NULL, '2019-06-28 23:02:46', '2019-06-28 23:02:46'),
(1091, 'Dina', NULL, 'Dansel', NULL, NULL, NULL, NULL, NULL, NULL, 'tmdecena@yahoo.com/tmdecena@yahoo.com', '0905-335-0097', NULL, 'Bldg 24 C-16 GSIS Metro Homes Pureza', 'Sta mesa', NULL, NULL, NULL, NULL, '2019-06-28 23:07:27', '2019-06-28 23:07:27'),
(1092, 'Florida', NULL, 'Batong', NULL, NULL, NULL, NULL, NULL, NULL, 'floridabatong@yahoo.com', '09219990842', NULL, NULL, NULL, NULL, NULL, NULL, NULL, '2019-06-28 23:09:51', '2019-06-28 23:09:51'),
(1093, 'Aldren', NULL, 'Arellano', NULL, NULL, NULL, NULL, NULL, NULL, 'aldren.arellano@gmail.com/crylyncapistano@gmail.com', '09238234373', NULL, '#12 Oxford St.', 'Rancho Estate 4 West Cnception 2', 'Marikina City', NULL, NULL, NULL, '2019-06-28 23:26:53', '2019-06-28 23:26:53'),
(1094, 'Marilou', NULL, 'Canlas', NULL, NULL, NULL, NULL, NULL, NULL, NULL, '09989505949', NULL, NULL, NULL, 'Paniqui', 'Tarlac', NULL, NULL, '2019-06-28 23:29:51', '2019-06-28 23:29:51'),
(1095, 'Mary Ann', 'G', 'Margarita', NULL, NULL, NULL, NULL, NULL, NULL, 'maryann_magtira@yahoo.com', '09279527516', '931-2542', '#17 Samput', NULL, 'Paniqui', 'Tarlac', NULL, NULL, '2019-06-28 23:36:39', '2019-06-28 23:36:39'),
(1096, 'Israel', NULL, 'Vanguardia', NULL, NULL, NULL, NULL, NULL, NULL, 'israelvanguardia@yahoo.com/zhille_03@yahoo.com', '09277956562/\'09175469520', NULL, NULL, NULL, 'Quezon  City', NULL, NULL, NULL, '2019-06-28 23:42:34', '2019-06-28 23:42:34'),
(1098, 'Marilou', 'T', 'Tingcawa', NULL, NULL, NULL, NULL, NULL, NULL, 'teddytingcawa@yahoo.com', '09073012002/09397353218', NULL, '312 Youngland', 'Camp 7', 'Baguio City', NULL, NULL, NULL, '2019-06-28 23:49:53', '2019-06-28 23:49:53'),
(1099, 'Ligaya', 'W', 'Aquino', NULL, NULL, NULL, NULL, NULL, NULL, 'ligayaaquino64@gmail.com', '09999654006', NULL, 'Blk 77 Lot 95', 'Malonzo Dapdap Bamban', 'Tarlac', 'Tarlac', NULL, NULL, '2019-06-28 23:52:51', '2019-06-28 23:52:51'),
(1101, 'Raquel', NULL, 'Javier', NULL, NULL, NULL, NULL, NULL, NULL, 'tjavier.etc@gmail.com', '09279821437', NULL, '1914 Amethyst St Union Village Bagumboy', 'Novaliches', 'Caloocan City', NULL, NULL, NULL, '2019-06-29 00:08:55', '2019-06-29 00:08:55'),
(1102, 'Sonia', 'Cabansi', 'Calvin', NULL, NULL, NULL, NULL, NULL, NULL, NULL, '09262174845/\'09287033176', NULL, 'Km 61', NULL, 'La Trinidad', 'Benguet', NULL, NULL, '2019-06-29 00:12:19', '2019-06-29 00:12:19'),
(1103, 'Daniel', NULL, 'Rivera', NULL, NULL, NULL, NULL, NULL, NULL, 'tj2000dfr@att.net', '09474732886', NULL, NULL, NULL, NULL, 'USA', NULL, NULL, '2019-06-29 00:13:59', '2019-06-29 00:13:59'),
(1104, 'Edgie', NULL, 'Anamong', NULL, NULL, NULL, NULL, NULL, NULL, NULL, '09306166504', NULL, '#43 Happy Homes Old Lucban', NULL, 'Magsaysay Avenue', NULL, NULL, NULL, '2019-06-29 00:18:08', '2019-06-29 00:18:08'),
(1105, 'Carolyn', 'A', 'Akilith', NULL, NULL, NULL, NULL, NULL, NULL, 'carolynakilith@gmail.com', '09164756394', NULL, NULL, NULL, 'Bacnotan', 'La Union', NULL, NULL, '2019-06-29 00:20:56', '2019-06-29 00:20:56'),
(1106, 'Andrea', 'Ngoddo', 'Nanam', NULL, NULL, NULL, NULL, NULL, NULL, 'andrea_ngoddo@yahoo.com/venielle@yahoo.com', '09506664164', NULL, NULL, NULL, NULL, NULL, NULL, NULL, '2019-06-29 00:24:47', '2019-06-29 00:24:47');

-- --------------------------------------------------------

--
-- Table structure for table `password_resets`
--

DROP TABLE IF EXISTS `password_resets`;
CREATE TABLE IF NOT EXISTS `password_resets` (
  `email` varchar(191) COLLATE utf8mb4_unicode_ci NOT NULL,
  `token` varchar(191) COLLATE utf8mb4_unicode_ci NOT NULL,
  `created_at` timestamp NULL DEFAULT NULL,
  KEY `password_resets_email_index` (`email`)
) ENGINE=MyISAM DEFAULT CHARSET=utf8mb4 COLLATE=utf8mb4_unicode_ci;

-- --------------------------------------------------------

--
-- Table structure for table `payments`
--

DROP TABLE IF EXISTS `payments`;
CREATE TABLE IF NOT EXISTS `payments` (
  `payment_id` int(10) UNSIGNED NOT NULL AUTO_INCREMENT,
  `payment_transaction_id` int(10) UNSIGNED NOT NULL,
  `desc` varchar(191) COLLATE utf8mb4_unicode_ci DEFAULT NULL,
  `amt` int(11) DEFAULT NULL,
  `payment_status` varchar(191) COLLATE utf8mb4_unicode_ci DEFAULT NULL,
  `or_number` varchar(191) COLLATE utf8mb4_unicode_ci DEFAULT NULL,
  `ar_number` varchar(191) COLLATE utf8mb4_unicode_ci DEFAULT NULL,
  `form_of_payment` varchar(191) COLLATE utf8mb4_unicode_ci DEFAULT NULL,
  `check_no` varchar(191) COLLATE utf8mb4_unicode_ci DEFAULT NULL,
  `date_deposited` varchar(191) COLLATE utf8mb4_unicode_ci DEFAULT NULL,
  `bank_name` varchar(191) COLLATE utf8mb4_unicode_ci DEFAULT NULL,
  `amt_paid` int(11) DEFAULT NULL,
  `note` varchar(191) COLLATE utf8mb4_unicode_ci DEFAULT NULL,
  `created_at` timestamp NULL DEFAULT NULL,
  `updated_at` timestamp NULL DEFAULT NULL,
  PRIMARY KEY (`payment_id`),
  KEY `payments_payment_transaction_id_foreign` (`payment_transaction_id`)
) ENGINE=MyISAM AUTO_INCREMENT=1146 DEFAULT CHARSET=utf8mb4 COLLATE=utf8mb4_unicode_ci;

--
-- Dumping data for table `payments`
--

INSERT INTO `payments` (`payment_id`, `payment_transaction_id`, `desc`, `amt`, `payment_status`, `or_number`, `ar_number`, `form_of_payment`, `check_no`, `date_deposited`, `bank_name`, `amt_paid`, `note`, `created_at`, `updated_at`) VALUES
(1068, 1029, 'sec_dep_utilities', 1000, 'paid', NULL, NULL, NULL, NULL, NULL, NULL, NULL, NULL, '2019-06-26 00:56:39', '2019-06-26 00:56:39'),
(1067, 1029, 'sec_dep_rent', 17000, 'paid', NULL, NULL, NULL, NULL, NULL, NULL, NULL, NULL, '2019-06-26 00:56:39', '2019-06-26 00:56:39'),
(1069, 1030, 'transient', 4000, 'paid', NULL, NULL, NULL, NULL, NULL, NULL, NULL, NULL, '2019-06-26 01:09:00', '2019-06-26 01:09:00'),
(1070, 1031, 'sec_dep_rent', 18000, 'paid', NULL, NULL, NULL, NULL, NULL, NULL, NULL, NULL, '2019-06-26 01:17:02', '2019-06-26 01:17:02'),
(1071, 1031, 'advance_rent', 18000, 'paid', NULL, NULL, NULL, NULL, NULL, NULL, NULL, NULL, '2019-06-26 01:17:02', '2019-06-26 01:17:02'),
(1072, 1032, 'sec_dep_rent', 16000, 'paid', NULL, NULL, NULL, NULL, NULL, NULL, NULL, NULL, '2019-06-26 17:58:29', '2019-06-26 17:58:29'),
(1073, 1032, 'advance_rent', 16000, 'paid', NULL, NULL, NULL, NULL, NULL, NULL, NULL, NULL, '2019-06-26 17:58:30', '2019-06-26 17:58:30'),
(1074, 1033, 'sec_dep_rent', 17500, 'paid', NULL, NULL, NULL, NULL, NULL, NULL, NULL, NULL, '2019-06-26 18:18:29', '2019-06-26 18:18:29'),
(1075, 1034, 'transient', 4000, 'paid', NULL, NULL, NULL, NULL, NULL, NULL, NULL, NULL, '2019-06-26 18:34:36', '2019-06-26 18:34:36'),
(1076, 1035, 'sec_dep_rent', 17500, 'paid', NULL, NULL, NULL, NULL, NULL, NULL, NULL, NULL, '2019-06-26 18:50:25', '2019-06-26 18:50:25'),
(1077, 1035, 'advance_rent', 17500, 'paid', NULL, NULL, NULL, NULL, NULL, NULL, NULL, NULL, '2019-06-26 18:50:25', '2019-06-26 18:50:25'),
(1078, 1036, 'sec_dep_rent', 15000, 'paid', NULL, NULL, NULL, NULL, NULL, NULL, NULL, NULL, '2019-06-26 19:04:33', '2019-06-26 19:04:33'),
(1079, 1036, 'advance_rent', 15000, 'paid', NULL, NULL, NULL, NULL, NULL, NULL, NULL, NULL, '2019-06-26 19:04:33', '2019-06-26 19:04:33'),
(1080, 1037, 'sec_dep_rent', 16000, 'paid', NULL, NULL, NULL, NULL, NULL, NULL, NULL, NULL, '2019-06-26 19:40:59', '2019-06-26 19:40:59'),
(1081, 1037, 'advance_rent', 16000, 'paid', NULL, NULL, NULL, NULL, NULL, NULL, NULL, NULL, '2019-06-26 19:40:59', '2019-06-26 19:40:59'),
(1082, 1038, 'transient', 2830, 'paid', NULL, NULL, NULL, NULL, NULL, NULL, NULL, NULL, '2019-06-26 19:56:33', '2019-06-26 19:56:33'),
(1083, 1039, 'transient', 5661, 'paid', NULL, NULL, NULL, NULL, NULL, NULL, NULL, NULL, '2019-06-26 21:26:05', '2019-06-26 21:26:05'),
(1084, 1040, 'sec_dep_rent', 15000, 'paid', NULL, NULL, NULL, NULL, NULL, NULL, NULL, NULL, '2019-06-26 21:45:34', '2019-06-26 21:45:34'),
(1085, 1041, 'transient', 9600, 'paid', NULL, NULL, NULL, NULL, NULL, NULL, NULL, NULL, '2019-06-26 21:58:40', '2019-06-26 21:58:40'),
(1086, 1042, 'transient', 10500, 'paid', NULL, NULL, NULL, NULL, NULL, NULL, NULL, NULL, '2019-06-26 22:07:33', '2019-06-26 22:07:33'),
(1087, 1043, 'sec_dep_rent', 17000, 'paid', NULL, NULL, NULL, NULL, NULL, NULL, NULL, NULL, '2019-06-26 22:33:24', '2019-06-26 22:33:24'),
(1088, 1043, 'advance_rent', 17000, 'paid', NULL, NULL, NULL, NULL, NULL, NULL, NULL, NULL, '2019-06-26 22:33:24', '2019-06-26 22:33:24'),
(1089, 1044, 'sec_dep_rent', 16000, 'paid', NULL, NULL, NULL, NULL, NULL, NULL, NULL, NULL, '2019-06-26 22:41:31', '2019-06-26 22:41:31'),
(1090, 1044, 'advance_rent', 16000, 'paid', NULL, NULL, NULL, NULL, NULL, NULL, NULL, NULL, '2019-06-26 22:41:31', '2019-06-26 22:41:31'),
(1091, 1045, 'sec_dep_rent', 16000, 'paid', NULL, NULL, NULL, NULL, NULL, NULL, NULL, NULL, '2019-06-26 22:53:02', '2019-06-26 22:53:02'),
(1092, 1045, 'advance_rent', 16000, 'paid', NULL, NULL, NULL, NULL, NULL, NULL, NULL, NULL, '2019-06-26 22:53:02', '2019-06-26 22:53:02'),
(1093, 1046, 'sec_dep_rent', 17000, 'paid', NULL, NULL, NULL, NULL, NULL, NULL, NULL, NULL, '2019-06-26 23:40:56', '2019-06-26 23:40:56'),
(1094, 1046, 'advance_rent', 17000, 'paid', NULL, NULL, NULL, NULL, NULL, NULL, NULL, NULL, '2019-06-26 23:40:56', '2019-06-26 23:40:56'),
(1095, 1047, 'transient', 3500, 'paid', NULL, NULL, NULL, NULL, NULL, NULL, NULL, NULL, '2019-06-26 23:45:17', '2019-06-26 23:45:17'),
(1096, 1048, 'transient', 3700, 'paid', NULL, NULL, NULL, NULL, NULL, NULL, NULL, NULL, '2019-06-27 00:00:01', '2019-06-27 00:00:01'),
(1097, 1049, 'transient', 7400, 'paid', NULL, NULL, NULL, NULL, NULL, NULL, NULL, NULL, '2019-06-27 00:04:40', '2019-06-27 00:04:40'),
(1098, 1050, 'transient', 7400, 'paid', NULL, NULL, NULL, NULL, NULL, NULL, NULL, NULL, '2019-06-27 00:13:50', '2019-06-27 00:13:50'),
(1099, 1051, 'transient', 3700, 'paid', NULL, NULL, NULL, NULL, NULL, NULL, NULL, NULL, '2019-06-27 00:19:38', '2019-06-27 00:19:38'),
(1100, 1052, 'transient', 7400, 'paid', NULL, NULL, NULL, NULL, NULL, NULL, NULL, NULL, '2019-06-27 00:26:34', '2019-06-27 00:26:34'),
(1101, 1053, 'transient', 3700, 'paid', NULL, NULL, NULL, NULL, NULL, NULL, NULL, NULL, '2019-06-27 00:39:12', '2019-06-27 00:39:12'),
(1102, 1054, 'transient', 3700, 'paid', NULL, NULL, NULL, NULL, NULL, NULL, NULL, NULL, '2019-06-27 00:41:02', '2019-06-27 00:41:02'),
(1103, 1055, 'transient', 3700, 'paid', NULL, NULL, NULL, NULL, NULL, NULL, NULL, NULL, '2019-06-27 00:47:27', '2019-06-27 00:47:27'),
(1104, 1056, 'transient', 3700, 'paid', NULL, NULL, NULL, NULL, NULL, NULL, NULL, NULL, '2019-06-27 01:18:01', '2019-06-27 01:18:01'),
(1105, 1057, 'sec_dep_rent', 15000, 'paid', NULL, NULL, NULL, NULL, NULL, NULL, NULL, NULL, '2019-06-27 16:31:55', '2019-06-27 16:31:55'),
(1106, 1057, 'advance_rent', 15000, 'paid', NULL, NULL, NULL, NULL, NULL, NULL, NULL, NULL, '2019-06-27 16:31:55', '2019-06-27 16:31:55'),
(1107, 1058, 'sec_dep_rent', 17000, 'paid', NULL, NULL, NULL, NULL, NULL, NULL, NULL, NULL, '2019-06-27 16:47:09', '2019-06-27 16:47:09'),
(1108, 1058, 'advance_rent', 17000, 'paid', NULL, NULL, NULL, NULL, NULL, NULL, NULL, NULL, '2019-06-27 16:47:09', '2019-06-27 16:47:09'),
(1109, 1059, 'sec_dep_rent', 15000, 'paid', NULL, NULL, NULL, NULL, NULL, NULL, NULL, NULL, '2019-06-27 16:56:10', '2019-06-27 16:56:10'),
(1110, 1059, 'advance_rent', 15000, 'paid', NULL, NULL, NULL, NULL, NULL, NULL, NULL, NULL, '2019-06-27 16:56:10', '2019-06-27 16:56:10'),
(1111, 1060, 'transient', 2830, 'paid', NULL, NULL, NULL, NULL, NULL, NULL, NULL, NULL, '2019-06-27 17:08:19', '2019-06-27 17:08:19'),
(1112, 1061, 'sec_dep_rent', 15000, 'paid', NULL, NULL, NULL, NULL, NULL, NULL, NULL, NULL, '2019-06-27 17:17:25', '2019-06-27 17:17:25'),
(1113, 1061, 'advance_rent', 15000, 'paid', NULL, NULL, NULL, NULL, NULL, NULL, NULL, NULL, '2019-06-27 17:17:25', '2019-06-27 17:17:25'),
(1114, 1062, 'sec_dep_rent', 14000, 'paid', NULL, NULL, NULL, NULL, NULL, NULL, NULL, NULL, '2019-06-27 17:23:31', '2019-06-27 17:23:31'),
(1115, 1062, 'advance_rent', 14000, 'paid', NULL, NULL, NULL, NULL, NULL, NULL, NULL, NULL, '2019-06-27 17:23:31', '2019-06-27 17:23:31'),
(1116, 1063, 'sec_dep_rent', 13000, 'paid', NULL, NULL, NULL, NULL, NULL, NULL, NULL, NULL, '2019-06-27 17:30:03', '2019-06-27 17:30:03'),
(1117, 1063, 'advance_rent', 13000, 'paid', NULL, NULL, NULL, NULL, NULL, NULL, NULL, NULL, '2019-06-27 17:30:03', '2019-06-27 17:30:03'),
(1118, 1064, 'sec_dep_rent', 16000, 'paid', NULL, NULL, NULL, NULL, NULL, NULL, NULL, NULL, '2019-06-27 17:39:52', '2019-06-27 17:39:52'),
(1119, 1064, 'advance_rent', 16000, 'paid', NULL, NULL, NULL, NULL, NULL, NULL, NULL, NULL, '2019-06-27 17:39:52', '2019-06-27 17:39:52'),
(1120, 1065, 'sec_dep_rent', 14000, 'paid', NULL, NULL, NULL, NULL, NULL, NULL, NULL, NULL, '2019-06-27 17:57:00', '2019-06-27 17:57:00'),
(1121, 1065, 'advance_rent', 14000, 'paid', NULL, NULL, NULL, NULL, NULL, NULL, NULL, NULL, '2019-06-27 17:57:00', '2019-06-27 17:57:00'),
(1122, 1066, 'sec_dep_rent', 13000, 'paid', NULL, NULL, NULL, NULL, NULL, NULL, NULL, NULL, '2019-06-27 18:03:22', '2019-06-27 18:03:22'),
(1123, 1066, 'advance_rent', 13000, 'paid', NULL, NULL, NULL, NULL, NULL, NULL, NULL, NULL, '2019-06-27 18:03:22', '2019-06-27 18:03:22'),
(1124, 1067, 'transient', 7000, 'paid', NULL, NULL, NULL, NULL, NULL, NULL, NULL, NULL, '2019-06-27 18:16:24', '2019-06-27 18:16:24'),
(1125, 1068, 'transient', 3500, 'paid', NULL, NULL, NULL, NULL, NULL, NULL, NULL, NULL, '2019-06-27 18:24:10', '2019-06-27 18:24:10'),
(1126, 1069, 'sec_dep_utilities', 6000, 'paid', NULL, NULL, NULL, NULL, NULL, NULL, NULL, NULL, '2019-06-27 18:28:49', '2019-06-27 18:28:49'),
(1127, 1069, 'transient', 6000, 'paid', NULL, NULL, NULL, NULL, NULL, NULL, NULL, NULL, '2019-06-27 18:28:49', '2019-06-27 18:28:49'),
(1128, 1070, 'transient', 4000, 'paid', NULL, NULL, NULL, NULL, NULL, NULL, NULL, NULL, '2019-06-27 18:36:51', '2019-06-27 18:36:51'),
(1129, 1071, 'transient', 4000, 'paid', NULL, NULL, NULL, NULL, NULL, NULL, NULL, NULL, '2019-06-27 18:43:08', '2019-06-27 18:43:08'),
(1130, 1072, 'sec_dep_rent', 16000, 'paid', NULL, NULL, NULL, NULL, NULL, NULL, NULL, NULL, '2019-06-27 18:48:57', '2019-06-27 18:48:57'),
(1131, 1072, 'advance_rent', 16000, 'paid', NULL, NULL, NULL, NULL, NULL, NULL, NULL, NULL, '2019-06-27 18:48:57', '2019-06-27 18:48:57'),
(1132, 1073, 'sec_dep_rent', 15000, 'paid', NULL, NULL, NULL, NULL, NULL, NULL, NULL, NULL, '2019-06-27 18:55:29', '2019-06-27 18:55:29'),
(1133, 1073, 'advance_rent', 15000, 'paid', NULL, NULL, NULL, NULL, NULL, NULL, NULL, NULL, '2019-06-27 18:55:29', '2019-06-27 18:55:29'),
(1134, 1074, 'transient', 3700, 'paid', NULL, NULL, NULL, NULL, NULL, NULL, NULL, NULL, '2019-06-27 19:05:54', '2019-06-27 19:05:54'),
(1135, 1075, 'sec_dep_rent', 15000, 'paid', NULL, NULL, NULL, NULL, NULL, NULL, NULL, NULL, '2019-06-27 19:16:09', '2019-06-27 19:16:09'),
(1136, 1075, 'advance_rent', 15000, 'paid', NULL, NULL, NULL, NULL, NULL, NULL, NULL, NULL, '2019-06-27 19:16:09', '2019-06-27 19:16:09'),
(1137, 1076, 'sec_dep_rent', 15000, 'paid', NULL, NULL, NULL, NULL, NULL, NULL, NULL, NULL, '2019-06-27 19:36:45', NULL),
(1138, 1076, 'advance_rent', 15000, 'paid', NULL, NULL, NULL, NULL, NULL, NULL, NULL, NULL, '2019-06-27 19:36:45', NULL),
(1139, 1077, 'transient', 3700, 'paid', NULL, NULL, NULL, NULL, NULL, NULL, NULL, NULL, '2019-06-27 19:46:36', '2019-06-27 19:46:36'),
(1140, 1078, 'transient', 4000, 'paid', NULL, NULL, NULL, NULL, NULL, NULL, NULL, NULL, '2019-06-27 19:56:25', '2019-06-27 19:56:25'),
(1141, 1079, 'transient', 4350, 'paid', NULL, NULL, NULL, NULL, NULL, NULL, NULL, NULL, '2019-06-27 20:02:27', '2019-06-27 20:02:27'),
(1142, 1080, 'sec_dep_rent', 16000, 'paid', NULL, NULL, NULL, NULL, NULL, NULL, NULL, NULL, '2019-06-27 20:09:19', NULL),
(1143, 1080, 'advance_rent', 16000, 'paid', NULL, NULL, NULL, NULL, NULL, NULL, NULL, NULL, '2019-06-27 20:09:19', NULL),
(1144, 1081, 'sec_dep_rent', 16000, 'paid', NULL, NULL, NULL, NULL, NULL, NULL, NULL, NULL, '2018-02-12 16:00:00', '2018-02-12 16:00:00'),
(1145, 1081, 'advance_rent', 16000, 'paid', NULL, NULL, NULL, NULL, NULL, NULL, NULL, NULL, '2019-06-27 22:05:23', '2018-02-12 16:00:00');

-- --------------------------------------------------------

--
-- Table structure for table `representatives`
--

DROP TABLE IF EXISTS `representatives`;
CREATE TABLE IF NOT EXISTS `representatives` (
  `rep_id` int(10) UNSIGNED NOT NULL AUTO_INCREMENT,
  `rep_owner_id` int(10) UNSIGNED DEFAULT NULL,
  `rep_name` varchar(191) COLLATE utf8mb4_unicode_ci DEFAULT NULL,
  `rep_relationship` varchar(191) COLLATE utf8mb4_unicode_ci DEFAULT NULL,
  `rep_mobile_number` varchar(191) COLLATE utf8mb4_unicode_ci DEFAULT NULL,
  `created_at` timestamp NULL DEFAULT NULL,
  `updated_at` timestamp NULL DEFAULT NULL,
  PRIMARY KEY (`rep_id`),
  KEY `representatives_rep_owner_id_foreign` (`rep_owner_id`)
) ENGINE=MyISAM AUTO_INCREMENT=1106 DEFAULT CHARSET=utf8mb4 COLLATE=utf8mb4_unicode_ci;

--
-- Dumping data for table `representatives`
--

INSERT INTO `representatives` (`rep_id`, `rep_owner_id`, `rep_name`, `rep_relationship`, `rep_mobile_number`, `created_at`, `updated_at`) VALUES
(1002, 1002, NULL, NULL, NULL, '2019-06-17 19:02:57', '2019-06-17 19:02:57'),
(1003, 1003, NULL, NULL, NULL, '2019-06-18 06:44:07', '2019-06-18 06:44:07'),
(1004, 1004, NULL, NULL, NULL, '2019-06-19 00:18:07', '2019-06-19 00:18:07'),
(1005, 1005, NULL, NULL, NULL, '2019-06-19 01:06:06', '2019-06-19 01:06:06'),
(1006, 1006, NULL, NULL, NULL, '2019-06-21 00:00:54', '2019-06-21 00:00:54'),
(1007, 1007, NULL, NULL, NULL, '2019-06-21 00:20:20', '2019-06-21 00:20:20'),
(1008, 1008, NULL, NULL, NULL, '2019-06-21 00:22:44', '2019-06-21 00:22:44'),
(1009, 1009, NULL, NULL, NULL, '2019-06-21 00:24:21', '2019-06-21 00:24:21'),
(1010, 1010, NULL, NULL, NULL, '2019-06-21 00:26:56', '2019-06-21 00:26:56'),
(1012, 1012, NULL, NULL, NULL, '2019-06-21 00:31:38', '2019-06-21 00:31:38'),
(1013, 1013, NULL, NULL, NULL, '2019-06-21 00:37:48', '2019-06-21 00:37:48'),
(1014, 1014, NULL, NULL, NULL, '2019-06-21 00:38:56', '2019-06-21 00:38:56'),
(1015, 1015, NULL, NULL, NULL, '2019-06-21 00:39:43', '2019-06-21 00:39:43'),
(1016, 1016, NULL, NULL, NULL, '2019-06-21 00:40:38', '2019-06-21 00:40:38'),
(1017, 1017, NULL, NULL, NULL, '2019-06-21 00:41:41', '2019-06-21 00:41:41'),
(1018, 1018, NULL, NULL, NULL, '2019-06-21 00:43:05', '2019-06-21 00:43:05'),
(1019, 1019, NULL, NULL, NULL, '2019-06-21 00:44:27', '2019-06-21 00:44:27'),
(1020, 1020, 'MARITES M. BULOSAN', NULL, NULL, '2019-06-21 00:47:30', '2019-06-21 00:47:30'),
(1021, 1021, NULL, NULL, NULL, '2019-06-21 00:54:35', '2019-06-21 00:54:35'),
(1022, 1022, NULL, NULL, NULL, '2019-06-21 00:56:08', '2019-06-21 00:56:08'),
(1023, 1023, NULL, NULL, NULL, '2019-06-21 00:58:35', '2019-06-21 00:58:35'),
(1024, 1024, NULL, NULL, NULL, '2019-06-24 21:35:15', '2019-06-24 21:35:15'),
(1025, 1025, NULL, NULL, NULL, '2019-06-24 21:43:16', '2019-06-24 21:43:16'),
(1026, 1026, NULL, NULL, NULL, '2019-06-24 21:45:42', '2019-06-24 21:45:42'),
(1027, 1027, NULL, NULL, NULL, '2019-06-24 21:47:48', '2019-06-24 21:47:48'),
(1028, 1028, 'Annabel Adag', NULL, NULL, '2019-06-24 21:52:28', '2019-06-24 21:52:28'),
(1032, 1032, 'Mariel Chock', NULL, NULL, '2019-06-24 22:16:33', '2019-06-24 22:16:33'),
(1031, 1031, NULL, NULL, NULL, '2019-06-24 22:12:32', '2019-06-24 22:12:32'),
(1033, 1033, NULL, NULL, NULL, '2019-06-24 22:20:18', '2019-06-24 22:20:18'),
(1034, 1034, 'Leizelle Jade Oasay', NULL, NULL, '2019-06-24 22:22:54', '2019-06-24 22:22:54'),
(1035, 1035, NULL, NULL, NULL, '2019-06-26 23:22:27', '2019-06-26 23:22:27'),
(1036, 1036, NULL, NULL, NULL, '2019-06-27 23:13:35', '2019-06-27 23:13:35'),
(1037, 1037, NULL, NULL, NULL, '2019-06-27 23:22:45', '2019-06-27 23:22:45'),
(1038, 1038, NULL, NULL, NULL, '2019-06-27 23:28:18', '2019-06-27 23:28:18'),
(1039, 1039, NULL, NULL, NULL, '2019-06-27 23:33:15', '2019-06-27 23:33:15'),
(1040, 1040, NULL, NULL, NULL, '2019-06-27 23:52:17', '2019-06-27 23:52:17'),
(1041, 1041, 'Atty Harriet Cawi Cabreros and Atty Eduardo Cabreros', NULL, NULL, '2019-06-27 23:55:41', '2019-06-27 23:55:41'),
(1042, 1042, NULL, NULL, NULL, '2019-06-27 23:58:02', '2019-06-27 23:58:02'),
(1043, 1043, NULL, NULL, NULL, '2019-06-28 00:00:45', '2019-06-28 00:00:45'),
(1044, 1044, NULL, NULL, NULL, '2019-06-28 00:02:27', '2019-06-28 00:02:27'),
(1045, 1045, NULL, NULL, NULL, '2019-06-28 00:07:24', '2019-06-28 00:07:24'),
(1046, 1046, NULL, NULL, NULL, '2019-06-28 00:09:27', '2019-06-28 00:09:27'),
(1047, 1047, NULL, NULL, NULL, '2019-06-28 00:13:51', '2019-06-28 00:13:51'),
(1048, 1048, NULL, NULL, NULL, '2019-06-28 00:16:33', '2019-06-28 00:16:33'),
(1049, 1049, 'Maria Isabel Galasgas Jacinto', NULL, NULL, '2019-06-28 00:19:58', '2019-06-28 00:19:58'),
(1050, 1050, NULL, NULL, NULL, '2019-06-28 00:33:30', '2019-06-28 00:33:30'),
(1051, 1051, 'Myrna Malto', NULL, NULL, '2019-06-28 00:36:33', '2019-06-28 00:36:33'),
(1052, 1052, NULL, NULL, NULL, '2019-06-28 00:39:32', '2019-06-28 00:39:32'),
(1053, 1053, NULL, NULL, NULL, '2019-06-28 00:42:25', '2019-06-28 00:42:25'),
(1054, 1054, NULL, NULL, NULL, '2019-06-28 00:44:34', '2019-06-28 00:44:34'),
(1055, 1055, NULL, NULL, NULL, '2019-06-28 00:47:58', '2019-06-28 00:47:58'),
(1056, 1056, NULL, NULL, NULL, '2019-06-28 00:54:38', '2019-06-28 00:54:38'),
(1057, 1057, NULL, NULL, NULL, '2019-06-28 01:01:15', '2019-06-28 01:01:15'),
(1058, 1058, NULL, NULL, NULL, '2019-06-28 01:03:33', '2019-06-28 01:03:33'),
(1059, 1059, 'krystel bergonia', NULL, NULL, '2019-06-28 01:06:17', '2019-06-28 01:06:17'),
(1060, 1060, 'Kristoffer Lee Dance', NULL, NULL, '2019-06-28 01:08:25', '2019-06-28 01:08:25'),
(1061, 1061, NULL, NULL, NULL, '2019-06-28 01:11:04', '2019-06-28 01:11:04'),
(1062, 1062, NULL, NULL, NULL, '2019-06-28 19:20:26', '2019-06-28 19:20:26'),
(1063, 1063, NULL, NULL, NULL, '2019-06-28 19:22:07', '2019-06-28 19:22:07'),
(1064, 1064, 'daisy', NULL, '09128364271', '2019-06-28 19:28:06', '2019-06-28 19:28:06'),
(1065, 1066, NULL, NULL, NULL, '2019-06-28 19:30:11', '2019-06-28 19:30:11'),
(1066, 1067, NULL, NULL, NULL, '2019-06-28 19:33:38', '2019-06-28 19:33:38'),
(1067, 1068, NULL, NULL, NULL, '2019-06-28 19:35:26', '2019-06-28 19:35:26'),
(1068, 1069, NULL, NULL, NULL, '2019-06-28 19:37:12', '2019-06-28 19:37:12'),
(1069, 1070, NULL, NULL, NULL, '2019-06-28 19:38:54', '2019-06-28 19:38:54'),
(1070, 1071, NULL, NULL, NULL, '2019-06-28 19:42:03', '2019-06-28 19:42:03'),
(1071, 1072, NULL, NULL, NULL, '2019-06-28 19:46:42', '2019-06-28 19:46:42'),
(1072, 1073, NULL, NULL, NULL, '2019-06-28 19:48:43', '2019-06-28 19:48:43'),
(1073, 1074, NULL, NULL, NULL, '2019-06-28 19:50:44', '2019-06-28 19:50:44'),
(1074, 1075, 'Shirley Bangisan', NULL, NULL, '2019-06-28 20:37:21', '2019-06-28 20:37:21'),
(1075, 1076, NULL, NULL, NULL, '2019-06-28 20:39:07', '2019-06-28 20:39:07'),
(1076, 1077, 'Diana Rose Garas', NULL, NULL, '2019-06-28 20:41:44', '2019-06-28 20:41:44'),
(1077, 1078, NULL, NULL, NULL, '2019-06-28 20:44:09', '2019-06-28 20:44:09'),
(1078, 1079, NULL, NULL, NULL, '2019-06-28 20:52:25', '2019-06-28 20:52:25'),
(1079, 1080, NULL, NULL, NULL, '2019-06-28 20:54:48', '2019-06-28 20:54:48'),
(1080, 1081, 'Shirley Tiwaken', NULL, NULL, '2019-06-28 20:58:11', '2019-06-28 20:58:11'),
(1081, 1082, NULL, NULL, NULL, '2019-06-28 21:00:12', '2019-06-28 21:00:12'),
(1082, 1083, NULL, NULL, NULL, '2019-06-28 21:02:54', '2019-06-28 21:02:54'),
(1083, 1084, NULL, NULL, NULL, '2019-06-28 21:04:37', '2019-06-28 21:04:37'),
(1084, 1085, 'Maricel Bernardo', NULL, NULL, '2019-06-28 22:41:08', '2019-06-28 22:41:08'),
(1085, 1086, NULL, NULL, NULL, '2019-06-28 22:45:39', '2019-06-28 22:45:39'),
(1086, 1087, 'Josie Doctolero Castro', NULL, NULL, '2019-06-28 22:48:34', '2019-06-28 22:48:34'),
(1087, 1088, NULL, NULL, NULL, '2019-06-28 22:52:06', '2019-06-28 22:52:06'),
(1088, 1089, NULL, NULL, NULL, '2019-06-28 22:56:33', '2019-06-28 22:56:33'),
(1089, 1090, NULL, NULL, NULL, '2019-06-28 23:02:46', '2019-06-28 23:02:46'),
(1090, 1091, NULL, NULL, NULL, '2019-06-28 23:07:27', '2019-06-28 23:07:27'),
(1091, 1092, NULL, NULL, NULL, '2019-06-28 23:09:51', '2019-06-28 23:09:51'),
(1092, 1093, NULL, NULL, NULL, '2019-06-28 23:26:53', '2019-06-28 23:26:53'),
(1093, 1094, NULL, NULL, NULL, '2019-06-28 23:29:51', '2019-06-28 23:29:51'),
(1094, 1095, NULL, NULL, NULL, '2019-06-28 23:36:39', '2019-06-28 23:36:39'),
(1095, 1096, 'Ma Cecilia Vanguardia', NULL, NULL, '2019-06-28 23:42:35', '2019-06-28 23:42:35'),
(1097, 1098, NULL, NULL, NULL, '2019-06-28 23:49:53', '2019-06-28 23:49:53'),
(1098, 1099, NULL, NULL, NULL, '2019-06-28 23:52:51', '2019-06-28 23:52:51'),
(1100, 1101, NULL, NULL, NULL, '2019-06-29 00:08:56', '2019-06-29 00:08:56'),
(1101, 1102, 'Caliber Calvin', NULL, NULL, '2019-06-29 00:12:19', '2019-06-29 00:12:19'),
(1102, 1103, NULL, NULL, NULL, '2019-06-29 00:14:00', '2019-06-29 00:14:00'),
(1103, 1104, NULL, NULL, NULL, '2019-06-29 00:18:08', '2019-06-29 00:18:08'),
(1104, 1105, NULL, NULL, NULL, '2019-06-29 00:20:57', '2019-06-29 00:20:57'),
(1105, 1106, NULL, NULL, NULL, '2019-06-29 00:24:48', '2019-06-29 00:24:48');

-- --------------------------------------------------------

--
-- Table structure for table `residents`
--

DROP TABLE IF EXISTS `residents`;
CREATE TABLE IF NOT EXISTS `residents` (
  `resident_id` int(10) UNSIGNED NOT NULL AUTO_INCREMENT,
  `first_name` varchar(191) COLLATE utf8mb4_unicode_ci NOT NULL,
  `middle_name` varchar(191) COLLATE utf8mb4_unicode_ci DEFAULT NULL,
  `last_name` varchar(191) COLLATE utf8mb4_unicode_ci NOT NULL,
  `type_of_resident` varchar(191) COLLATE utf8mb4_unicode_ci NOT NULL,
  `birthdate` date DEFAULT NULL,
  `gender` varchar(191) COLLATE utf8mb4_unicode_ci DEFAULT NULL,
  `nationality` varchar(191) COLLATE utf8mb4_unicode_ci DEFAULT NULL,
  `civil_status` varchar(191) COLLATE utf8mb4_unicode_ci DEFAULT NULL,
  `ethnicity` varchar(191) COLLATE utf8mb4_unicode_ci DEFAULT NULL,
  `id_info` varchar(191) COLLATE utf8mb4_unicode_ci DEFAULT NULL,
  `email_address` varchar(191) COLLATE utf8mb4_unicode_ci DEFAULT NULL,
  `mobile_number` varchar(191) COLLATE utf8mb4_unicode_ci DEFAULT NULL,
  `telephone_number` varchar(191) COLLATE utf8mb4_unicode_ci DEFAULT NULL,
  `house_number` varchar(191) COLLATE utf8mb4_unicode_ci DEFAULT NULL,
  `barangay` varchar(191) COLLATE utf8mb4_unicode_ci DEFAULT NULL,
  `municipality` varchar(191) COLLATE utf8mb4_unicode_ci DEFAULT NULL,
  `province` varchar(191) COLLATE utf8mb4_unicode_ci DEFAULT NULL,
  `zip` varchar(191) COLLATE utf8mb4_unicode_ci DEFAULT NULL,
  `img` varchar(191) COLLATE utf8mb4_unicode_ci DEFAULT NULL,
  `created_at` timestamp NULL DEFAULT NULL,
  `updated_at` timestamp NULL DEFAULT NULL,
  `primary_resident_id` int(10) UNSIGNED DEFAULT NULL,
  PRIMARY KEY (`resident_id`),
  UNIQUE KEY `residents_email_address_unique` (`email_address`),
  UNIQUE KEY `residents_mobile_number_unique` (`mobile_number`)
) ENGINE=MyISAM AUTO_INCREMENT=1183 DEFAULT CHARSET=utf8mb4 COLLATE=utf8mb4_unicode_ci;

--
-- Dumping data for table `residents`
--

INSERT INTO `residents` (`resident_id`, `first_name`, `middle_name`, `last_name`, `type_of_resident`, `birthdate`, `gender`, `nationality`, `civil_status`, `ethnicity`, `id_info`, `email_address`, `mobile_number`, `telephone_number`, `house_number`, `barangay`, `municipality`, `province`, `zip`, `img`, `created_at`, `updated_at`, `primary_resident_id`) VALUES
(1035, 'Ailene', 'L', 'Salvador', 'primary_resident', '1984-11-14', NULL, 'Filipino', 'M', NULL, NULL, 'ailene_lacaste@yahoo.com', NULL, NULL, NULL, 'Pico Avenue Coral', 'Mapandan', 'Pangasinan', NULL, NULL, '2019-06-26 00:56:36', '2019-06-26 00:56:36', NULL),
(1036, 'Emelita', 'M', 'Lacaste', 'co_resident', NULL, NULL, NULL, NULL, NULL, NULL, NULL, '09395572460', NULL, NULL, NULL, NULL, NULL, NULL, NULL, '2019-06-26 00:58:35', '2019-06-26 00:58:35', 1035),
(1037, 'Rose', 'M', 'Coles', 'co_resident', NULL, NULL, NULL, NULL, NULL, NULL, NULL, NULL, NULL, NULL, NULL, NULL, NULL, NULL, NULL, '2019-06-26 00:59:31', '2019-06-26 00:59:31', 1035),
(1038, 'Renz Carlo', 'M', 'Coles', 'co_resident', NULL, NULL, NULL, NULL, NULL, NULL, NULL, '09064871421', NULL, NULL, NULL, NULL, NULL, NULL, NULL, '2019-06-26 01:00:17', '2019-06-26 01:00:17', 1035),
(1039, 'Stella', 'Louvelle', 'Salvador', 'co_resident', NULL, NULL, NULL, NULL, NULL, NULL, NULL, NULL, NULL, NULL, NULL, NULL, NULL, NULL, NULL, '2019-06-26 01:01:16', '2019-06-26 01:01:16', 1035),
(1040, 'Santino Lino', 'L', 'Salvador', 'co_resident', NULL, NULL, NULL, NULL, NULL, NULL, NULL, NULL, NULL, NULL, NULL, NULL, NULL, NULL, NULL, '2019-06-26 01:01:49', '2019-06-26 01:01:49', 1035),
(1041, 'Hazel Mae', 'Fernandez', 'Doria', 'primary_resident', '1990-05-14', NULL, 'Filipino', 'M', NULL, NULL, 'hazel051490@yahoo.com', '09178518028', NULL, NULL, 'Calsib', 'Aguilar', 'Pangasinan', NULL, NULL, '2019-06-26 01:08:57', '2019-06-26 01:08:57', NULL),
(1042, 'Necie', 'G', 'Taringting', 'primary_resident', '1989-01-15', NULL, 'Filipino', 'S', NULL, NULL, 'neciegombataringting@gmail.com', '09261141371', NULL, NULL, 'Jubasan', 'Mapanas', 'Northern Samar', NULL, NULL, '2019-06-26 01:16:59', '2019-06-26 01:16:59', NULL),
(1043, 'Guilas', 'L', 'Kimberly Ann', 'primary_resident', '1999-11-05', NULL, 'Filipino', 'S', NULL, NULL, 'kimgls@icloud.com', '092482108521', NULL, NULL, 'Sta Maria Subd.', 'Mabalacat City', 'Pampanga', '2010', NULL, '2019-06-26 17:58:26', '2019-06-26 17:58:26', NULL),
(1044, 'Jischiel Ane', NULL, 'Leonardo', 'co_resident', NULL, NULL, NULL, NULL, NULL, NULL, NULL, '091651669902', NULL, NULL, NULL, NULL, NULL, NULL, NULL, '2019-06-26 18:00:31', '2019-06-26 18:00:31', 1043),
(1045, 'Andrea Rae Paula', NULL, 'Sison', 'co_resident', NULL, NULL, NULL, NULL, NULL, NULL, NULL, NULL, NULL, NULL, NULL, NULL, NULL, NULL, NULL, '2019-06-26 18:02:10', '2019-06-26 18:02:10', 1043),
(1046, 'Pauline Joyce', NULL, 'Castro', 'co_resident', NULL, NULL, NULL, NULL, NULL, NULL, NULL, '09460185699', NULL, NULL, NULL, NULL, NULL, NULL, NULL, '2019-06-26 18:03:12', '2019-06-26 18:03:12', 1043),
(1047, 'C/O Goshen', NULL, 'N/A', 'primary_resident', NULL, NULL, 'Filipino', NULL, NULL, NULL, NULL, NULL, NULL, NULL, NULL, NULL, NULL, NULL, NULL, '2019-06-26 18:18:26', '2019-06-26 18:18:26', NULL),
(1048, 'Azel Rizza', 'M.', 'Garcia', 'primary_resident', '1986-06-01', NULL, 'Filipino', 'S', NULL, NULL, 'angzel_rizza@yahoo.com', '09393981697', NULL, NULL, 'Hampton Gardens', 'Maybunga', 'Pasig', NULL, NULL, '2019-06-26 18:34:32', '2019-06-26 18:34:32', NULL),
(1049, 'Harte Lorenz', 'B.', 'Gayman', 'primary_resident', '1989-02-13', NULL, 'Filipino', 'M', NULL, NULL, 'Hartelorenzgat@gmail.com', '09051863931', NULL, NULL, 'Camp 7', 'Baguio city', NULL, '2600', NULL, '2019-06-26 18:50:21', '2019-06-26 18:50:21', NULL),
(1050, 'Kristoffer Ray', 'K', 'Suza', 'primary_resident', '1984-03-03', NULL, 'Filipino', 'S', NULL, NULL, NULL, '09050458240', NULL, NULL, 'Asin Road', NULL, NULL, NULL, NULL, '2019-06-26 19:04:30', '2019-06-26 19:04:30', NULL),
(1051, 'Cyrah', 'N.', 'Rama', 'primary_resident', '1996-09-18', NULL, 'Filipino', 'S', NULL, NULL, NULL, '09771419964', NULL, NULL, NULL, 'Quezon City', 'Manila', NULL, NULL, '2019-06-26 19:40:55', '2019-06-26 19:40:55', NULL),
(1052, 'Vina Ivory', NULL, 'Mabunga', 'primary_resident', NULL, NULL, NULL, NULL, NULL, NULL, NULL, NULL, NULL, NULL, NULL, NULL, NULL, NULL, NULL, '2019-06-26 19:56:30', '2019-06-26 19:56:30', NULL),
(1053, 'Gilbert', 'T.', 'Gonzales', 'primary_resident', '1994-03-24', NULL, 'Filipino', 'S', NULL, NULL, 'gib-gonzales', '09177575582', NULL, NULL, 'Valle Cruz', 'Cabanatuan', 'Nueva Ecija', '3100', NULL, '2019-06-26 21:26:02', '2019-06-26 21:26:02', NULL),
(1054, 'Basilisa', 'V', 'Infante', 'primary_resident', '1963-01-09', NULL, 'Filipino', 'M', NULL, NULL, 'bassylisav@gmail.com', '09064355588', NULL, NULL, 'Magiting St.', 'UP Vill. Diliman, Q.C', NULL, NULL, NULL, '2019-06-26 21:45:30', '2019-06-26 21:45:30', NULL),
(1055, 'Lisabelle', NULL, 'Infante', 'co_resident', NULL, NULL, NULL, NULL, NULL, NULL, NULL, '09266285934', NULL, NULL, NULL, NULL, NULL, NULL, NULL, '2019-06-26 21:47:04', '2019-06-26 21:47:04', 1054),
(1056, 'Aubrey', NULL, 'Atong', 'co_resident', NULL, NULL, NULL, NULL, NULL, NULL, NULL, '09773484561', NULL, NULL, NULL, NULL, NULL, NULL, NULL, '2019-06-26 21:47:46', '2019-06-26 21:47:46', 1054),
(1057, 'Ronalyn', NULL, 'Atong', 'co_resident', NULL, NULL, NULL, NULL, NULL, NULL, NULL, '09088843618', NULL, NULL, NULL, NULL, NULL, NULL, NULL, '2019-06-26 21:49:31', '2019-06-26 21:49:31', 1054),
(1058, 'Princess Clarize', 'B', 'Macabales', 'primary_resident', '1997-09-21', NULL, 'Filipino', 'S', NULL, NULL, 'cessmacabales@gmail.com', '09166603681', NULL, NULL, 'Annex C SJV 6', 'Butong City of Cabuyao', 'Laguna', NULL, NULL, '2019-06-26 21:58:37', '2019-06-26 21:58:37', NULL),
(1059, 'VI-Amor/Bambi', 'Ramirez', 'Dayrit', 'primary_resident', '1980-02-14', NULL, 'Filipino', 'M', NULL, NULL, 'viaramday@yaahoo.com', '09994814400', NULL, NULL, NULL, NULL, NULL, NULL, NULL, '2019-06-26 22:07:30', '2019-06-26 22:07:30', NULL),
(1060, 'Chona', NULL, 'Subol', 'co_resident', NULL, NULL, NULL, NULL, NULL, NULL, NULL, NULL, NULL, NULL, NULL, NULL, NULL, NULL, NULL, '2019-06-26 22:08:27', '2019-06-26 22:08:27', 1059),
(1061, 'Linda', NULL, 'Subol', 'co_resident', NULL, NULL, NULL, NULL, NULL, NULL, NULL, NULL, NULL, NULL, NULL, NULL, NULL, NULL, NULL, '2019-06-26 22:09:05', '2019-06-26 22:09:05', 1059),
(1062, 'Leng', NULL, 'Subol', 'co_resident', NULL, NULL, NULL, NULL, NULL, NULL, NULL, NULL, NULL, NULL, NULL, NULL, NULL, NULL, NULL, '2019-06-26 22:09:32', '2019-06-26 22:09:32', 1059),
(1063, 'Leslie', NULL, 'Garcia', 'co_resident', NULL, NULL, NULL, NULL, NULL, NULL, NULL, NULL, NULL, NULL, NULL, NULL, NULL, NULL, NULL, '2019-06-26 22:09:58', '2019-06-26 22:09:58', 1059),
(1064, 'Fawaz', 'Moalammed', 'Alahmadi', 'primary_resident', '1995-12-10', NULL, 'Saudi', 'S', NULL, NULL, NULL, '09052988269', NULL, NULL, NULL, 'Maoinah', NULL, NULL, NULL, '2019-06-26 22:33:20', '2019-06-26 22:33:20', NULL),
(1065, 'Khalid Mousa', 'Y', 'Alammari', 'primary_resident', '1991-11-10', NULL, 'Saudi', NULL, NULL, NULL, NULL, '09163307836', NULL, NULL, NULL, NULL, NULL, NULL, NULL, '2019-06-26 22:41:28', '2019-06-26 22:41:28', NULL),
(1066, 'Abdalmalk', NULL, 'NA', 'co_resident', NULL, NULL, NULL, NULL, NULL, NULL, NULL, NULL, NULL, NULL, NULL, NULL, NULL, NULL, NULL, '2019-06-26 22:45:19', '2019-06-26 22:45:19', 1065),
(1067, 'Muaadh', 'Omar', 'Maged', 'co_resident', NULL, NULL, NULL, NULL, NULL, NULL, NULL, NULL, NULL, NULL, NULL, NULL, NULL, NULL, NULL, '2019-06-26 22:47:36', '2019-06-26 22:47:36', 1064),
(1068, 'Angeline', 'P', 'Piñera', 'primary_resident', '1987-01-28', NULL, 'Filipino', 'M', NULL, NULL, 'cloudygel1990@gmail.com', '09288799043', NULL, NULL, 'Enst. Rembo', 'Makati', NULL, NULL, NULL, '2019-06-26 22:52:59', '2019-06-26 22:52:59', NULL),
(1069, 'Soo Chul', NULL, 'Chun', 'co_resident', NULL, NULL, NULL, NULL, NULL, NULL, NULL, NULL, NULL, NULL, NULL, NULL, NULL, NULL, NULL, '2019-06-26 23:25:27', '2019-06-26 23:25:27', 1068),
(1070, 'Schanrie', NULL, 'Chun', 'co_resident', NULL, NULL, NULL, NULL, NULL, NULL, NULL, NULL, NULL, NULL, NULL, NULL, NULL, NULL, NULL, '2019-06-26 23:25:50', '2019-06-26 23:25:50', 1068),
(1071, 'Jason', 'D', 'Dela Cruz', 'primary_resident', NULL, NULL, 'Filipino', NULL, NULL, NULL, 'doc.jason@mc.com', NULL, NULL, NULL, NULL, NULL, NULL, NULL, NULL, '2019-06-26 23:40:53', '2019-06-26 23:40:53', NULL),
(1072, 'Maricel', 'Galang', 'Caballero', 'primary_resident', '1981-12-21', NULL, 'Filipino', 'M', NULL, NULL, 'ycell@yahoo.com', '09235993566', NULL, NULL, 'San Agustin', 'Hagonoy', 'Bulacan', NULL, NULL, '2019-06-26 23:45:14', '2019-06-26 23:45:14', NULL),
(1073, 'Alejandro', NULL, 'Caballero Jr.', 'co_resident', NULL, NULL, NULL, NULL, NULL, NULL, NULL, '0923-599-3566', NULL, NULL, NULL, NULL, NULL, NULL, NULL, '2019-06-26 23:51:33', '2019-06-26 23:51:33', 1071),
(1074, 'E. Joy', 'G', 'Dominado', 'primary_resident', '1963-06-18', NULL, 'Filipino', 'M', NULL, NULL, 'joygdominado@gmail.com', '09176523042', NULL, NULL, NULL, NULL, NULL, NULL, NULL, '2019-06-26 23:59:58', '2019-06-26 23:59:58', NULL),
(1075, 'Shiela', 'Pasag', 'Anosu', 'primary_resident', '1985-11-11', NULL, 'Filipino', 'S', NULL, NULL, NULL, '09996916005', NULL, NULL, NULL, NULL, NULL, NULL, NULL, '2019-06-27 00:04:37', '2019-06-27 00:04:37', NULL),
(1076, 'Lyndon', 'D', 'Manlangit', 'primary_resident', '1984-07-05', NULL, 'Filipino', 'M', NULL, NULL, 'lyndon.manlangit@yahoo.com', '09178050447', NULL, NULL, 'Villa Nicasia', 'Imus', 'Cavite', NULL, NULL, '2019-06-27 00:13:47', '2019-06-27 00:13:47', NULL),
(1077, 'Walter', NULL, 'Manalo', 'co_resident', NULL, NULL, NULL, NULL, NULL, NULL, NULL, NULL, NULL, NULL, NULL, NULL, NULL, NULL, NULL, '2019-06-27 00:14:11', '2019-06-27 00:14:11', 1075),
(1078, 'Nikki Ross', 'P', 'Dizon', 'primary_resident', '1989-09-17', NULL, 'Filipino', 'M', NULL, NULL, 'nikkirossdizon@gmail.com', '09175439108', NULL, NULL, 'Tondo', 'Manila', NULL, NULL, NULL, '2019-06-27 00:19:34', '2019-06-27 00:19:34', NULL),
(1079, 'Mae', NULL, 'Santos', 'co_resident', NULL, NULL, NULL, NULL, NULL, NULL, NULL, NULL, NULL, NULL, NULL, NULL, NULL, NULL, NULL, '2019-06-27 00:20:39', '2019-06-27 00:20:39', 1078),
(1080, 'Jr', NULL, 'Santos', 'co_resident', NULL, NULL, NULL, NULL, NULL, NULL, NULL, NULL, NULL, NULL, NULL, NULL, NULL, NULL, NULL, '2019-06-27 00:21:19', '2019-06-27 00:21:19', 1078),
(1081, 'Jr', NULL, 'Santos', 'co_resident', NULL, NULL, NULL, NULL, NULL, NULL, NULL, NULL, NULL, NULL, NULL, NULL, NULL, NULL, NULL, '2019-06-27 00:21:45', '2019-06-27 00:21:45', 1078),
(1082, 'Allen', NULL, 'Costox', 'co_resident', NULL, NULL, NULL, NULL, NULL, NULL, NULL, NULL, NULL, NULL, NULL, NULL, NULL, NULL, NULL, '2019-06-27 00:22:21', '2019-06-27 00:22:21', 1078),
(1083, 'Kat', NULL, 'Manlangit', 'co_resident', NULL, NULL, NULL, NULL, NULL, NULL, NULL, '09178169312', NULL, NULL, NULL, NULL, NULL, NULL, NULL, '2019-06-27 00:24:14', '2019-06-27 00:24:14', 1078),
(1084, 'Maria', 'G', 'Belen', 'primary_resident', '1955-06-19', NULL, 'Filipino', 'M', NULL, NULL, 'bbelen619@gmail.com', '09055025001', NULL, NULL, 'Tondo', 'Manila', NULL, NULL, NULL, '2019-06-27 00:26:31', '2019-06-27 00:26:31', NULL),
(1085, 'Diane', NULL, 'NA', 'co_resident', NULL, NULL, NULL, NULL, NULL, NULL, NULL, NULL, NULL, NULL, NULL, NULL, NULL, NULL, NULL, '2019-06-27 00:26:57', '2019-06-27 00:26:57', 1078),
(1086, 'Belen', NULL, 'Go', 'co_resident', NULL, NULL, NULL, NULL, NULL, NULL, NULL, NULL, NULL, NULL, NULL, NULL, NULL, NULL, NULL, '2019-06-27 00:29:28', '2019-06-27 00:29:28', 1084),
(1087, 'Herminia', NULL, 'Go', 'co_resident', NULL, NULL, NULL, NULL, NULL, NULL, NULL, NULL, NULL, NULL, NULL, NULL, NULL, NULL, NULL, '2019-06-27 00:29:56', '2019-06-27 00:29:56', 1084),
(1088, 'Miriam', NULL, 'Son', 'co_resident', NULL, NULL, NULL, NULL, NULL, NULL, NULL, NULL, NULL, NULL, NULL, NULL, NULL, NULL, NULL, '2019-06-27 00:30:36', '2019-06-27 00:30:36', 1084),
(1089, 'Maricel', 'Diagan', 'Cabugao', 'primary_resident', '1973-12-25', NULL, 'Filipino', 'S', NULL, NULL, NULL, '09329350409', NULL, NULL, 'Maweb Dist.', 'Dagupan', NULL, NULL, NULL, '2019-06-27 00:39:09', '2019-06-27 00:39:09', NULL),
(1090, 'Ray', 'D.C`', 'Fernando', 'primary_resident', '1981-02-15', NULL, 'Filipino', 'M', NULL, NULL, 'raydcfernando@yahoo.com', '09054849325', NULL, NULL, 'Maligaya Brgy. Malona', 'Sn.Felipe', 'Zambales', NULL, NULL, '2019-06-27 00:40:59', '2019-06-27 00:40:59', NULL),
(1091, 'Shirley', NULL, 'NA', 'co_resident', NULL, NULL, NULL, NULL, NULL, NULL, NULL, NULL, NULL, NULL, NULL, NULL, NULL, NULL, NULL, '2019-06-27 00:45:34', '2019-06-27 00:45:34', 1076),
(1092, 'Editha', NULL, 'NA', 'co_resident', NULL, NULL, NULL, NULL, NULL, NULL, NULL, NULL, NULL, NULL, NULL, NULL, NULL, NULL, NULL, '2019-06-27 00:46:48', '2019-06-27 00:46:48', 1076),
(1093, 'Juvy', 'B', 'Rivera', 'primary_resident', '1969-10-14', NULL, 'Filipino', 'M', NULL, NULL, NULL, '09176294425/09088157898', NULL, NULL, NULL, 'Angeles', 'Pampanga', NULL, NULL, '2019-06-27 00:47:24', '2019-06-27 00:47:24', NULL),
(1094, 'Meredith', NULL, 'NA', 'co_resident', NULL, NULL, NULL, NULL, NULL, NULL, NULL, NULL, NULL, NULL, NULL, NULL, NULL, NULL, NULL, '2019-06-27 00:47:53', '2019-06-27 00:47:53', 1076),
(1109, 'Led Ethelbert', 'F', 'Delos Trinos', 'primary_resident', '1971-01-02', NULL, 'Filipino', 'M', NULL, NULL, 'ifdelostrinos@yahoo.com', '09153844595', NULL, NULL, 'Brgy 12', 'Ladag', NULL, NULL, NULL, '2019-06-27 16:31:51', '2019-06-27 16:31:51', NULL),
(1097, 'Celine', NULL, 'NA', 'co_resident', NULL, NULL, NULL, NULL, NULL, NULL, NULL, NULL, NULL, NULL, NULL, NULL, NULL, NULL, NULL, '2019-06-27 01:01:23', '2019-06-27 01:01:23', 1093),
(1098, 'Rhoda', NULL, 'NA', 'co_resident', NULL, NULL, NULL, NULL, NULL, NULL, NULL, NULL, NULL, NULL, NULL, NULL, NULL, NULL, NULL, '2019-06-27 01:01:37', '2019-06-27 01:01:37', 1093),
(1099, 'Ana', NULL, 'NA', 'co_resident', NULL, NULL, NULL, NULL, NULL, NULL, NULL, NULL, NULL, NULL, NULL, NULL, NULL, NULL, NULL, '2019-06-27 01:01:54', '2019-06-27 01:01:54', 1093),
(1100, 'Rizaldy', 'E', 'Relativo', 'primary_resident', '1976-12-30', NULL, 'Filipino', 'M', NULL, NULL, 'rbgser@gmail.com', '09175906804', NULL, NULL, 'Mil flores St. A.V.S. Mambugan', 'Antipolo', NULL, NULL, NULL, '2019-06-27 01:17:58', '2019-06-27 01:17:58', NULL),
(1101, 'Leslie', NULL, 'Relativo', 'co_resident', NULL, NULL, NULL, NULL, NULL, NULL, NULL, NULL, NULL, NULL, NULL, NULL, NULL, NULL, NULL, '2019-06-27 01:19:27', '2019-06-27 01:19:27', 1100),
(1102, 'Lourdes', NULL, 'Villareal', 'co_resident', NULL, NULL, NULL, NULL, NULL, NULL, NULL, NULL, NULL, NULL, NULL, NULL, NULL, NULL, NULL, '2019-06-27 01:19:56', '2019-06-27 01:19:56', 1100),
(1103, 'Ralph', NULL, 'Carpio', 'co_resident', NULL, NULL, NULL, NULL, NULL, NULL, NULL, NULL, NULL, NULL, NULL, NULL, NULL, NULL, NULL, '2019-06-27 01:20:14', '2019-06-27 01:20:14', 1100),
(1104, 'Shirley', NULL, 'NA', 'co_resident', NULL, NULL, NULL, NULL, NULL, NULL, NULL, NULL, NULL, NULL, NULL, NULL, NULL, NULL, NULL, '2019-06-27 16:19:30', '2019-06-27 16:19:30', 1090),
(1105, 'Editha', NULL, 'NA', 'co_resident', NULL, NULL, NULL, NULL, NULL, NULL, NULL, NULL, NULL, NULL, NULL, NULL, NULL, NULL, NULL, '2019-06-27 16:19:47', '2019-06-27 16:19:47', 1090),
(1106, 'Meredith', NULL, 'NA', 'co_resident', NULL, NULL, NULL, NULL, NULL, NULL, NULL, NULL, NULL, NULL, NULL, NULL, NULL, NULL, NULL, '2019-06-27 16:20:03', '2019-06-27 16:20:03', 1090),
(1107, 'Lorenzo', NULL, 'NA', 'co_resident', NULL, NULL, NULL, NULL, NULL, NULL, NULL, NULL, NULL, NULL, NULL, NULL, NULL, NULL, NULL, '2019-06-27 16:20:20', '2019-06-27 16:20:20', 1090),
(1108, 'Joaquin', NULL, 'NA', 'co_resident', NULL, NULL, NULL, NULL, NULL, NULL, NULL, NULL, NULL, NULL, NULL, NULL, NULL, NULL, NULL, '2019-06-27 16:20:34', '2019-06-27 16:20:34', 1090),
(1110, 'Jessica', NULL, 'Delos Trinos', 'co_resident', NULL, NULL, NULL, NULL, NULL, NULL, NULL, NULL, NULL, NULL, NULL, NULL, NULL, NULL, NULL, '2019-06-27 16:33:25', '2019-06-27 16:33:25', 1109),
(1111, 'Vincent', NULL, 'NA', 'co_resident', NULL, NULL, NULL, NULL, NULL, NULL, NULL, NULL, NULL, NULL, NULL, NULL, NULL, NULL, NULL, '2019-06-27 16:34:01', '2019-06-27 16:34:01', 1109),
(1112, 'Eva', NULL, 'NA', 'co_resident', NULL, NULL, NULL, NULL, NULL, NULL, NULL, NULL, NULL, NULL, NULL, NULL, NULL, NULL, NULL, '2019-06-27 16:34:29', '2019-06-27 16:34:29', 1109),
(1113, 'Alna', NULL, 'NA', 'co_resident', NULL, NULL, NULL, NULL, NULL, NULL, NULL, NULL, NULL, NULL, NULL, NULL, NULL, NULL, NULL, '2019-06-27 16:35:16', '2019-06-27 16:35:16', 1109),
(1114, 'Monica', 'E', 'Del Castillo', 'primary_resident', '1998-09-07', NULL, 'Filipino', 'S', NULL, NULL, 'monica_delcastillo@dlsu.edu.ph', '09175830907', NULL, NULL, 'San Roque', 'Tarlac', 'Tarlac', NULL, NULL, '2019-06-27 16:47:06', '2019-06-27 16:47:06', NULL),
(1115, 'Dime Carl', 'B', 'Tinio', 'co_resident', NULL, NULL, NULL, NULL, NULL, NULL, NULL, NULL, NULL, NULL, NULL, NULL, NULL, NULL, NULL, '2019-06-27 16:49:42', '2019-06-27 16:49:42', 1114),
(1116, 'Melvin', 'M', 'Elleran', 'co_resident', NULL, NULL, NULL, NULL, NULL, NULL, NULL, '09157580905', NULL, NULL, NULL, NULL, NULL, NULL, NULL, '2019-06-27 16:50:47', '2019-06-27 16:50:47', 1114),
(1117, 'Noresa', 'W', 'Bayado', 'primary_resident', '1983-11-15', NULL, 'Filipino', 'S', NULL, NULL, 'morezkim369@gmail,com', '09954412862', NULL, NULL, 'Rockwell', 'Makati', NULL, NULL, NULL, '2019-06-27 16:56:07', '2019-06-27 16:56:07', NULL),
(1118, 'Charlene', NULL, 'Bocales', 'co_resident', NULL, NULL, NULL, NULL, NULL, NULL, NULL, NULL, NULL, NULL, NULL, NULL, NULL, NULL, NULL, '2019-06-27 16:58:47', '2019-06-27 16:58:47', 1117),
(1119, 'Aeriel', 'Umalay', 'Bayani', 'primary_resident', '1993-11-04', NULL, 'Filipino', 'M', NULL, NULL, NULL, NULL, NULL, NULL, 'Molina ST. Alabang', 'Muntinlupa', NULL, NULL, NULL, '2019-06-27 17:08:16', '2019-06-27 17:08:16', NULL),
(1120, 'Marilyn', 'B', 'Balacdao', 'primary_resident', '1981-03-12', NULL, 'Filipino', 'S', NULL, NULL, 'marilynbalacdao@gmail.com', '09504575298', NULL, NULL, 'Country Club Village', 'Baguio', 'Benguet', '2600', NULL, '2019-06-27 17:17:21', '2019-06-27 17:17:21', NULL),
(1121, 'Ivy Lita', 'L', 'Baguitan', 'primary_resident', '1987-06-21', NULL, 'Filipino', 'S', NULL, NULL, 'baguitan.ivylita@gmail.com', '09084115371', NULL, NULL, 'San Luis Village Km 2 Asin Road', 'Baguio', 'Benguet', '2600', NULL, '2019-06-27 17:23:28', '2019-06-27 17:23:28', NULL),
(1122, 'Mark', 'Baraquil', 'Lascano', 'primary_resident', '1990-03-24', NULL, 'Filipino', 'M', NULL, NULL, 'Lascanomark@gmail.com', '09176570585', NULL, NULL, 'Carmencita', 'Florida Blanca', 'Pampanga', NULL, NULL, '2019-06-27 17:30:00', '2019-06-27 17:30:00', NULL),
(1123, 'Mark', NULL, 'NA', 'co_resident', NULL, NULL, NULL, NULL, NULL, NULL, NULL, NULL, NULL, NULL, NULL, NULL, NULL, NULL, NULL, '2019-06-27 17:32:48', '2019-06-27 17:32:48', 1122),
(1124, 'JC', NULL, 'NA', 'co_resident', NULL, NULL, NULL, NULL, NULL, NULL, NULL, NULL, NULL, NULL, NULL, NULL, NULL, NULL, NULL, '2019-06-27 17:33:01', '2019-06-27 17:33:01', 1122),
(1125, 'Jeff', NULL, 'NA', 'co_resident', NULL, NULL, NULL, NULL, NULL, NULL, NULL, NULL, NULL, NULL, NULL, NULL, NULL, NULL, NULL, '2019-06-27 17:33:15', '2019-06-27 17:33:15', 1122),
(1126, 'Arizala', 'Prianes', 'Susan', 'primary_resident', '1979-07-07', NULL, 'Filipino', 'M', NULL, NULL, 'danito.arizala@gmail.com', '09292774785', NULL, NULL, 'Chico St. Altea 9', 'Quezon', NULL, NULL, NULL, '2019-06-27 17:39:49', '2019-06-27 17:39:49', NULL),
(1127, 'Danilo', 'B', 'Arizala Jr.', 'co_resident', NULL, NULL, NULL, NULL, NULL, NULL, NULL, '09290350046', NULL, NULL, NULL, NULL, NULL, NULL, NULL, '2019-06-27 17:44:16', '2019-06-27 17:44:16', 1126),
(1128, 'John Daniel', 'P', 'Arizala', 'co_resident', NULL, NULL, NULL, NULL, NULL, NULL, NULL, NULL, NULL, NULL, NULL, NULL, NULL, NULL, NULL, '2019-06-27 17:44:39', '2019-06-27 17:44:39', 1126),
(1129, 'Samantha', 'P', 'Arizala', 'co_resident', NULL, NULL, NULL, NULL, NULL, NULL, NULL, NULL, NULL, NULL, NULL, NULL, NULL, NULL, NULL, '2019-06-27 17:44:56', '2019-06-27 17:44:56', 1126),
(1130, 'Amber', 'P', 'Arizala', 'co_resident', NULL, NULL, NULL, NULL, NULL, NULL, NULL, NULL, NULL, NULL, NULL, NULL, NULL, NULL, NULL, '2019-06-27 17:45:10', '2019-06-27 17:45:10', 1126),
(1131, 'Rayan', 'T', 'Yagnmour', 'primary_resident', '2002-07-24', NULL, 'Saudi', 'S', NULL, NULL, 'princerayan.ry24@gmail.com', '09291307455', NULL, NULL, 'Felix Huertas St. Santa Cruz', 'Manila', NULL, NULL, NULL, '2019-06-27 17:56:57', '2019-06-27 17:56:57', NULL),
(1132, 'Nathaniel', 'B', 'Ramos', 'primary_resident', '1992-09-26', NULL, 'Filipino', 'S', NULL, NULL, 'nathanielbramos@gmail.com', '09453264384', NULL, NULL, 'San Luis Village', 'Baguio', 'Benguet', '2600', NULL, '2019-06-27 18:03:19', '2019-06-27 18:03:19', NULL),
(1133, 'Anri', NULL, 'Hiragi', 'co_resident', NULL, NULL, NULL, NULL, NULL, NULL, NULL, NULL, NULL, NULL, NULL, NULL, NULL, NULL, NULL, '2019-06-27 18:05:21', '2019-06-27 18:05:21', 1132),
(1134, 'Aiden Ryon', NULL, 'Hiragi', 'co_resident', NULL, NULL, NULL, NULL, NULL, NULL, NULL, NULL, NULL, NULL, NULL, NULL, NULL, NULL, NULL, '2019-06-27 18:05:42', '2019-06-27 18:05:42', 1132),
(1136, 'Archie', NULL, 'Ogbinar', 'primary_resident', '1980-01-25', NULL, 'Filipino', NULL, NULL, NULL, NULL, NULL, NULL, NULL, NULL, NULL, NULL, NULL, NULL, '2019-06-27 18:16:21', '2019-06-27 18:16:21', NULL),
(1137, 'Bimbo', NULL, 'Ortiz', 'co_resident', NULL, NULL, NULL, NULL, NULL, NULL, NULL, NULL, NULL, NULL, NULL, NULL, NULL, NULL, NULL, '2019-06-27 18:17:14', '2019-06-27 18:17:14', 1136),
(1138, 'Jasper', NULL, 'Ortiz', 'co_resident', NULL, NULL, NULL, NULL, NULL, NULL, NULL, NULL, NULL, NULL, NULL, NULL, NULL, NULL, NULL, '2019-06-27 18:17:45', '2019-06-27 18:17:45', 1136),
(1170, 'Sean', 'Batistil', 'Tabiola', 'primary_resident', '1985-03-18', NULL, 'Filipino', 'S', NULL, NULL, 'sean.tabiola@gmail.com', '09398623536', NULL, NULL, 'Visita St.', 'Makati', NULL, NULL, NULL, '2019-06-27 19:46:33', '2019-06-27 19:46:33', NULL),
(1140, 'Izoniño', NULL, 'Santos', 'co_resident', NULL, NULL, NULL, NULL, NULL, NULL, NULL, NULL, NULL, NULL, NULL, NULL, NULL, NULL, NULL, '2019-06-27 18:18:57', '2019-06-27 18:18:57', 1136),
(1141, 'Fhillip Rey', 'D', 'Felipe', 'primary_resident', '1985-02-07', NULL, 'Filipino', 'S', NULL, NULL, NULL, '09174027340', NULL, NULL, 'Nalsian Bacayao', 'Calasiao', 'Pangasinan', NULL, NULL, '2019-06-27 18:24:07', '2019-06-27 18:24:07', NULL),
(1142, 'Venjo', NULL, 'Felipe', 'co_resident', NULL, NULL, NULL, NULL, NULL, NULL, NULL, NULL, NULL, NULL, NULL, NULL, NULL, NULL, NULL, '2019-06-27 18:24:46', '2019-06-27 18:24:46', 1141),
(1143, 'Nody', NULL, 'Felipe', 'co_resident', NULL, NULL, NULL, NULL, NULL, NULL, NULL, NULL, NULL, NULL, NULL, NULL, NULL, NULL, NULL, '2019-06-27 18:25:12', '2019-06-27 18:25:12', 1141),
(1144, 'Jovelyn', NULL, 'Felipe', 'co_resident', NULL, NULL, NULL, NULL, NULL, NULL, NULL, NULL, NULL, NULL, NULL, NULL, NULL, NULL, NULL, '2019-06-27 18:25:26', '2019-06-27 18:25:26', 1141),
(1145, 'Katrina', NULL, 'Joaquin', 'co_resident', NULL, NULL, NULL, NULL, NULL, NULL, NULL, NULL, NULL, NULL, NULL, NULL, NULL, NULL, NULL, '2019-06-27 18:25:44', '2019-06-27 18:25:44', 1141),
(1146, 'Maria Veronica', 'S', 'Sanchez', 'primary_resident', '1974-08-18', NULL, 'Filipino', NULL, NULL, NULL, NULL, '09178240818', NULL, NULL, 'Gov. A. Santos St.  BF Homes', 'Parañaque', NULL, NULL, NULL, '2019-06-27 18:28:46', '2019-06-27 18:28:46', NULL),
(1147, 'Gemma Lovina', NULL, 'Celdridad', 'co_resident', NULL, NULL, NULL, NULL, NULL, NULL, NULL, NULL, NULL, NULL, NULL, NULL, NULL, NULL, NULL, '2019-06-27 18:30:13', '2019-06-27 18:30:13', 1146),
(1148, 'Jocelle Cecilla', NULL, 'Daligoy', 'co_resident', NULL, NULL, NULL, NULL, NULL, NULL, NULL, NULL, NULL, NULL, NULL, NULL, NULL, NULL, NULL, '2019-06-27 18:30:49', '2019-06-27 18:30:49', 1146),
(1149, 'Charina', NULL, 'Lacay', 'co_resident', NULL, NULL, NULL, NULL, NULL, NULL, NULL, NULL, NULL, NULL, NULL, NULL, NULL, NULL, NULL, '2019-06-27 18:31:05', '2019-06-27 18:31:05', 1146),
(1150, 'Annaliza', NULL, 'Reyes', 'co_resident', NULL, NULL, NULL, NULL, NULL, NULL, NULL, NULL, NULL, NULL, NULL, NULL, NULL, NULL, NULL, '2019-06-27 18:31:23', '2019-06-27 18:31:23', 1146),
(1151, 'Jacob Sanchez', NULL, 'Opilla', 'co_resident', NULL, NULL, NULL, NULL, NULL, NULL, NULL, NULL, NULL, NULL, NULL, NULL, NULL, NULL, NULL, '2019-06-27 18:31:57', '2019-06-27 18:31:57', 1146),
(1152, 'Maria Jocelyn', 'Samaco', 'Añonuevo', 'primary_resident', '1967-01-14', NULL, 'Filipino', 'M', NULL, NULL, NULL, '09204892958', NULL, NULL, 'Quezon St. Zone III', 'Pinamalayan', 'Oriental Mindoro', NULL, NULL, '2019-06-27 18:36:48', '2019-06-27 18:36:48', NULL),
(1153, 'Marm May', NULL, 'Amimba', 'co_resident', NULL, NULL, NULL, NULL, NULL, NULL, NULL, NULL, NULL, NULL, NULL, NULL, NULL, NULL, NULL, '2019-06-27 18:38:25', '2019-06-27 18:38:25', 1152),
(1154, 'Marius', NULL, 'Acerendo', 'co_resident', NULL, NULL, NULL, NULL, NULL, NULL, NULL, NULL, NULL, NULL, NULL, NULL, NULL, NULL, NULL, '2019-06-27 18:38:48', '2019-06-27 18:38:48', 1152),
(1155, 'Sarrah', NULL, 'Mendoza', 'co_resident', NULL, NULL, NULL, NULL, NULL, NULL, NULL, NULL, NULL, NULL, NULL, NULL, NULL, NULL, NULL, '2019-06-27 18:39:06', '2019-06-27 18:39:06', 1152),
(1156, 'Jhayne', 'O', 'Lomibao', 'primary_resident', '1992-05-16', NULL, 'Filipino', 'S', NULL, NULL, 'nyelomibae@yahoo.com', '09178121468', NULL, NULL, 'Santa Rosa', NULL, 'Laguna', NULL, NULL, '2019-06-27 18:43:05', '2019-06-27 18:43:05', NULL),
(1157, 'Martin Clark', 'Mendoza', 'Nool', 'primary_resident', '1988-07-01', NULL, 'Filipino', 'M', NULL, NULL, 'christian.canlas9.cc64@gmail.com', '09469968536', NULL, NULL, 'Magaspac', 'Gerona', 'Tarlac', NULL, NULL, '2019-06-27 18:48:54', '2019-06-27 18:48:54', NULL),
(1158, 'Felix', NULL, 'Aganon Jr.', 'co_resident', NULL, NULL, NULL, NULL, NULL, NULL, NULL, NULL, NULL, NULL, NULL, NULL, NULL, NULL, NULL, '2019-06-27 18:49:36', '2019-06-27 18:49:36', 1157),
(1159, 'Christian', NULL, 'NA', 'co_resident', NULL, NULL, NULL, NULL, NULL, NULL, NULL, NULL, NULL, NULL, NULL, NULL, NULL, NULL, NULL, '2019-06-27 18:49:58', '2019-06-27 18:49:58', 1157),
(1160, 'Soo Chul', NULL, 'Chun', 'primary_resident', '1970-12-24', NULL, 'South Korea', 'M', NULL, NULL, 'richardchun@gmail.com', '09063196498', NULL, NULL, 'East Rembo', 'Makati', NULL, NULL, NULL, '2019-06-27 18:55:26', '2019-06-27 18:55:26', NULL),
(1161, 'Angeline', NULL, 'Chun', 'co_resident', NULL, NULL, NULL, NULL, NULL, NULL, NULL, NULL, NULL, NULL, NULL, NULL, NULL, NULL, NULL, '2019-06-27 18:57:12', '2019-06-27 18:57:12', 1160),
(1162, 'Schanrie', NULL, 'Chun', 'co_resident', NULL, NULL, NULL, NULL, NULL, NULL, NULL, NULL, NULL, NULL, NULL, NULL, NULL, NULL, NULL, '2019-06-27 18:57:40', '2019-06-27 18:57:40', 1160),
(1163, 'Gemma', 'D', 'Amolat', 'primary_resident', '0197-10-28', NULL, 'Filipino', 'M', NULL, NULL, 'gemmadavid2028@yahoo.com', '09290768374', NULL, NULL, 'Newport St. Leoncia Village', 'A.C', NULL, NULL, NULL, '2019-06-27 19:05:50', '2019-06-27 19:05:50', NULL),
(1164, 'Anthony', NULL, 'NA', 'co_resident', NULL, NULL, NULL, NULL, NULL, NULL, NULL, NULL, NULL, NULL, NULL, NULL, NULL, NULL, NULL, '2019-06-27 19:10:35', '2019-06-27 19:10:35', 1163),
(1165, 'Angelo', NULL, 'NA', 'co_resident', NULL, NULL, NULL, NULL, NULL, NULL, NULL, NULL, NULL, NULL, NULL, NULL, NULL, NULL, NULL, '2019-06-27 19:11:00', '2019-06-27 19:11:00', 1163),
(1166, 'Angelo', NULL, 'NA', 'co_resident', NULL, NULL, NULL, NULL, NULL, NULL, NULL, NULL, NULL, NULL, NULL, NULL, NULL, NULL, NULL, '2019-06-27 19:11:07', '2019-06-27 19:11:07', 1163),
(1167, 'Arnold', NULL, 'NA', 'co_resident', NULL, NULL, NULL, NULL, NULL, NULL, NULL, NULL, NULL, NULL, NULL, NULL, NULL, NULL, NULL, '2019-06-27 19:11:40', '2019-06-27 19:11:40', 1163),
(1168, 'Jaspher', NULL, 'NA', 'co_resident', NULL, NULL, NULL, NULL, NULL, NULL, NULL, NULL, NULL, NULL, NULL, NULL, NULL, NULL, NULL, '2019-06-27 19:11:57', '2019-06-27 19:11:57', 1163),
(1169, 'Marisa', 'U', 'Alfara', 'primary_resident', '1985-06-20', NULL, 'Filipino', 'S', NULL, NULL, 'marisa_alfara@yahoo.com', '09435419478', NULL, NULL, 'Zone VI Saturn Division Road Pawing', 'Palo Leyte', NULL, NULL, NULL, '2019-06-27 19:16:06', '2019-06-27 19:16:06', NULL),
(1171, 'Mario', NULL, 'Tabiola', 'co_resident', NULL, NULL, NULL, NULL, NULL, NULL, NULL, NULL, NULL, NULL, NULL, NULL, NULL, NULL, NULL, '2019-06-27 19:47:23', '2019-06-27 19:47:23', 1170),
(1172, 'Charito', NULL, 'Tabiola', 'co_resident', NULL, NULL, NULL, NULL, NULL, NULL, NULL, NULL, NULL, NULL, NULL, NULL, NULL, NULL, NULL, '2019-06-27 19:47:38', '2019-06-27 19:47:38', 1170),
(1173, 'Jeffrey', NULL, 'Cornez', 'co_resident', NULL, NULL, NULL, NULL, NULL, NULL, NULL, NULL, NULL, NULL, NULL, NULL, NULL, NULL, NULL, '2019-06-27 19:47:53', '2019-06-27 19:47:53', 1170),
(1174, 'Palong', NULL, 'NA', 'co_resident', NULL, NULL, NULL, NULL, NULL, NULL, NULL, NULL, NULL, NULL, NULL, NULL, NULL, NULL, NULL, '2019-06-27 19:48:06', '2019-06-27 19:48:06', 1170),
(1175, 'Mariel', NULL, 'Batistil', 'co_resident', NULL, NULL, NULL, NULL, NULL, NULL, NULL, NULL, NULL, NULL, NULL, NULL, NULL, NULL, NULL, '2019-06-27 19:48:27', '2019-06-27 19:48:27', 1170),
(1176, 'DM', NULL, 'Batistil', 'co_resident', NULL, NULL, NULL, NULL, NULL, NULL, NULL, NULL, NULL, NULL, NULL, NULL, NULL, NULL, NULL, '2019-06-27 19:48:41', '2019-06-27 19:48:41', 1170),
(1177, 'Julieth', 'B', 'Baquilar', 'primary_resident', '1968-07-11', NULL, 'Filipino', 'M', NULL, NULL, 'jhaquilar@kfshre.edu.sa', '09106258803', NULL, NULL, NULL, NULL, NULL, NULL, NULL, '2019-06-27 19:56:22', '2019-06-27 19:56:22', NULL),
(1178, 'Erlinda', NULL, 'Bautista', 'co_resident', NULL, NULL, NULL, NULL, NULL, NULL, NULL, NULL, NULL, NULL, NULL, NULL, NULL, NULL, NULL, '2019-06-27 19:57:27', '2019-06-27 19:57:27', 1177),
(1179, 'Roberto', NULL, 'Bautista', 'co_resident', NULL, NULL, NULL, NULL, NULL, NULL, NULL, NULL, NULL, NULL, NULL, NULL, NULL, NULL, NULL, '2019-06-27 19:57:47', '2019-06-27 19:57:47', 1177),
(1180, 'Amaboz', 'R', 'Labrador', 'primary_resident', NULL, NULL, 'Filipino', NULL, NULL, NULL, 'amobelrlabrador@gmail.com', '09176240907', NULL, NULL, 'Sucat', 'Muntinlupa', NULL, NULL, NULL, '2019-06-27 20:02:24', '2019-06-27 20:02:24', NULL),
(1181, 'Danilo', 'D', 'Loria', 'primary_resident', '1949-10-29', NULL, 'US', 'M', NULL, NULL, NULL, '09278422442', NULL, NULL, 'Orange Grove Bl. Panadena', 'CA 91104', NULL, NULL, NULL, '2019-06-27 22:05:19', '2019-06-27 22:05:19', NULL);

-- --------------------------------------------------------

--
-- Table structure for table `rooms`
--

DROP TABLE IF EXISTS `rooms`;
CREATE TABLE IF NOT EXISTS `rooms` (
  `room_id` int(10) UNSIGNED NOT NULL AUTO_INCREMENT,
  `room_no` varchar(191) COLLATE utf8mb4_unicode_ci NOT NULL,
  `project` varchar(191) COLLATE utf8mb4_unicode_ci NOT NULL,
  `building` varchar(191) COLLATE utf8mb4_unicode_ci NOT NULL,
  `room_status` varchar(191) COLLATE utf8mb4_unicode_ci NOT NULL,
  `short_term_rent` double(15,8) NOT NULL,
  `long_term_rent` double(15,8) NOT NULL,
  `transient` double(15,2) NOT NULL,
  `size` double(15,8) NOT NULL,
  `no_of_beds` varchar(191) COLLATE utf8mb4_unicode_ci NOT NULL,
  `remarks` longtext COLLATE utf8mb4_unicode_ci,
  `created_at` timestamp NULL DEFAULT NULL,
  `updated_at` timestamp NULL DEFAULT NULL,
  `floor_number` int(11) NOT NULL,
  PRIMARY KEY (`room_id`),
  UNIQUE KEY `rooms_room_no_unique` (`room_no`)
) ENGINE=MyISAM AUTO_INCREMENT=1264 DEFAULT CHARSET=utf8mb4 COLLATE=utf8mb4_unicode_ci;

--
-- Dumping data for table `rooms`
--

INSERT INTO `rooms` (`room_id`, `room_no`, `project`, `building`, `room_status`, `short_term_rent`, `long_term_rent`, `transient`, `size`, `no_of_beds`, `remarks`, `created_at`, `updated_at`, `floor_number`) VALUES
(1000, '6LA West', 'north_cambridge', 'harvard', 'vacant', 7800.00000000, 6800.00000000, 1200.00, 15.00000000, '2DD', NULL, '2019-06-17 17:50:18', '2019-06-17 17:50:18', 8),
(1001, '614', 'the_courtyards', 'manors', 'vacant', 16000.00000000, 15000.00000000, 0.00, 42.00000000, '2BR', 'THE ROOM IS SET FOR GENERAL CLEANING', '2019-06-17 18:19:31', '2019-06-17 18:19:31', 1),
(1062, 'LG 06 West', 'north_cambridge', 'harvard', 'vacant', 7800.00000000, 6800.00000000, 1200.00, 15.00000000, '2SB', NULL, '2019-06-24 16:55:00', '2019-06-24 16:55:00', 1),
(1002, 'GF 01', 'north_cambridge', 'wharton', 'vacant', 12000.00000000, 11000.00000000, 2000.00, 20.00000000, '1SB', NULL, '2019-06-18 06:28:42', '2019-06-18 06:28:42', 1),
(1003, 'GF 10', 'north_cambridge', 'wharton', 'vacant', 12000.00000000, 11000.00000000, 2000.00, 20.00000000, '1SB', NULL, '2019-06-19 00:13:03', '2019-06-19 00:13:03', 1),
(1061, 'LGK West', 'north_cambridge', 'harvard', 'vacant', 7800.00000000, 6800.00000000, 1200.00, 15.00000000, '2SB', NULL, '2019-06-24 16:51:33', '2019-06-24 16:51:33', 1),
(1004, 'GF 11', 'north_cambridge', 'wharton', 'vacant', 12000.00000000, 11000.00000000, 2000.00, 20.00000000, '1SB', NULL, '2019-06-19 00:58:50', '2019-06-19 00:58:50', 1),
(1060, 'LGF East', 'north_cambridge', 'harvard', 'vacant', 7800.00000000, 6800.00000000, 1200.00, 15.00000000, '2SB', NULL, '2019-06-24 16:49:47', '2019-06-24 16:49:47', 1),
(1005, '214', 'the_courtyards', 'loft', 'occupied', 16000.00000000, 15000.00000000, 0.00, 28.00000000, '1SB', 'THE ROOM IS SET FOR GENERAL CLEANING', '2019-06-20 23:22:19', '2019-06-20 23:22:19', 4),
(1006, '209', 'the_courtyards', 'loft', 'vacant', 14000.00000000, 13000.00000000, 0.00, 28.00000000, '1SB', 'THE ROOM IS SET FOR GENERAL CLEANING', '2019-06-20 23:25:10', '2019-06-20 23:25:10', 2),
(1007, '2B 06', 'the_courtyards', 'manors', 'occupied', 16000.00000000, 15000.00000000, 0.00, 42.00000000, '2BR', 'THE ROOM IS SET FOR GENERAL CLEANING', '2019-06-20 23:31:27', '2019-06-20 23:31:27', 2),
(1008, '117', 'the_courtyards', 'manors', 'occupied', 16000.00000000, 15000.00000000, 0.00, 42.00000000, '2BR', 'THE ROOM IS SET FOR GENERAL CLEANING', '2019-06-20 23:32:22', '2019-06-20 23:32:22', 1),
(1009, '518', 'the_courtyards', 'manors', 'occupied', 16000.00000000, 15000.00000000, 0.00, 42.00000000, '2BR', 'THE ROOM IS SET FOR GENERAL CLEANING', '2019-06-20 23:37:42', '2019-06-20 23:37:42', 1),
(1010, 'CC 3D', 'the_courtyards', 'colorado', 'vacant', 16000.00000000, 15000.00000000, 0.00, 25.00000000, '2BR', 'THE ROOM IS SET FOR GENERAL CLEANING', '2019-06-20 23:39:49', '2019-06-20 23:39:49', 1),
(1011, 'CA 3B', 'the_courtyards', 'colorado', 'vacant', 9000.00000000, 8000.00000000, 0.00, 25.00000000, '2BR', 'THE ROOM IS SET FOR GENERAL CLEANING', '2019-06-20 23:46:15', '2019-06-20 23:46:15', 3),
(1012, '505', 'the_courtyards', 'manors', 'occupied', 17000.00000000, 16000.00000000, 0.00, 42.00000000, '2BR', NULL, '2019-06-20 23:47:24', '2019-06-20 23:47:24', 3),
(1013, '202', 'the_courtyards', 'loft', 'vacant', 14000.00000000, 13000.00000000, 0.00, 25.00000000, '1SB', NULL, '2019-06-20 23:48:13', '2019-06-20 23:48:13', 2),
(1014, '616', 'the_courtyards', 'manors', 'occupied', 17000.00000000, 16000.00000000, 0.00, 42.00000000, '2BR', NULL, '2019-06-20 23:49:15', '2019-06-20 23:49:15', 1),
(1015, '512', 'the_courtyards', 'manors', 'vacant', 16000.00000000, 15000.00000000, 0.00, 42.00000000, '2BR', 'THE ROOM IS SET FOR GENERAL CLEANING', '2019-06-20 23:50:18', '2019-06-20 23:50:18', 2),
(1016, 'CB 4B', 'the_courtyards', 'arkansas', 'occupied', 17000.00000000, 16000.00000000, 0.00, 42.00000000, '2BR', 'THE ROOM IS SET FOR GENERAL CLEANING', '2019-06-20 23:51:19', '2019-06-20 23:51:19', 1),
(1017, '312', 'the_courtyards', 'manors', 'occupied', 17000.00000000, 16000.00000000, 0.00, 42.00000000, '2BR', '', '2019-06-20 23:52:12', '2019-06-20 23:52:12', 2),
(1018, '313', 'the_courtyards', 'loft', 'occupied', 14000.00000000, 13000.00000000, 0.00, 25.00000000, '1SB', 'THE ROOM IS SET FOR GENERAL CLEANING', '2019-06-20 23:57:49', '2019-06-20 23:57:49', 4),
(1019, 'GF 18', 'north_cambridge', 'wharton', 'vacant', 12000.00000000, 11000.00000000, 2000.00, 20.00000000, '1SB', NULL, '2019-06-23 23:57:47', '2019-06-23 23:57:47', 1),
(1020, '2F 09', 'north_cambridge', 'wharton', 'vacant', 12000.00000000, 11000.00000000, 2000.00, 20.00000000, '1SB', NULL, '2019-06-23 23:58:23', '2019-06-23 23:58:23', 2),
(1021, '2F 12', 'north_cambridge', 'wharton', 'vacant', 12000.00000000, 11000.00000000, 2000.00, 20.00000000, '1SB', NULL, '2019-06-23 23:59:44', '2019-06-23 23:59:44', 2),
(1022, '3F 9', 'north_cambridge', 'wharton', 'vacant', 12000.00000000, 11000.00000000, 2000.00, 20.00000000, '1SB', NULL, '2019-06-24 00:00:39', '2019-06-24 00:00:39', 3),
(1023, '3F 10', 'north_cambridge', 'wharton', 'vacant', 12000.00000000, 11000.00000000, 2000.00, 20.00000000, '1SB', NULL, '2019-06-24 00:01:01', '2019-06-24 00:01:01', 3),
(1024, '3F 21', 'north_cambridge', 'wharton', 'vacant', 12000.00000000, 11000.00000000, 2000.00, 20.00000000, '1SB', NULL, '2019-06-24 00:01:16', '2019-06-24 00:01:16', 3),
(1025, '4F 08', 'north_cambridge', 'wharton', 'vacant', 12000.00000000, 11000.00000000, 2000.00, 20.00000000, '1SB', NULL, '2019-06-24 00:02:02', '2019-06-24 00:02:02', 4),
(1026, '4F 20', 'north_cambridge', 'wharton', 'vacant', 12000.00000000, 11000.00000000, 2000.00, 20.00000000, '1SB', NULL, '2019-06-24 00:02:23', '2019-06-24 00:02:23', 4),
(1027, '5F 08', 'north_cambridge', 'wharton', 'vacant', 12000.00000000, 11000.00000000, 2000.00, 20.00000000, '1SB', NULL, '2019-06-24 00:02:38', '2019-06-24 00:02:38', 5),
(1028, '5F 29', 'north_cambridge', 'wharton', 'vacant', 12000.00000000, 11000.00000000, 2000.00, 20.00000000, '1SB', NULL, '2019-06-24 00:03:02', '2019-06-24 00:03:02', 5),
(1029, '6F 04', 'north_cambridge', 'wharton', 'vacant', 12000.00000000, 11000.00000000, 2000.00, 20.00000000, '1SB', NULL, '2019-06-24 00:03:28', '2019-06-24 00:03:28', 6),
(1030, '6F 05', 'north_cambridge', 'wharton', 'vacant', 12000.00000000, 11000.00000000, 2000.00, 20.00000000, '1SB', NULL, '2019-06-24 00:03:45', '2019-06-24 00:03:45', 6),
(1031, '4F 01', 'north_cambridge', 'wharton', 'vacant', 12000.00000000, 11000.00000000, 2000.00, 20.00000000, '1SB', NULL, '2019-06-24 00:04:14', '2019-06-24 00:04:14', 4),
(1032, '6F 11', 'north_cambridge', 'wharton', 'vacant', 12000.00000000, 11000.00000000, 2000.00, 20.00000000, '1SB', NULL, '2019-06-24 00:04:29', '2019-06-24 00:04:29', 6),
(1033, '6F 14', 'north_cambridge', 'wharton', 'vacant', 12000.00000000, 11000.00000000, 2000.00, 20.00000000, '1SB', NULL, '2019-06-24 00:04:52', '2019-06-24 00:04:52', 6),
(1034, 'GF 22', 'north_cambridge', 'wharton', 'vacant', 12000.00000000, 11000.00000000, 2000.00, 20.00000000, '1SB', NULL, '2019-06-24 00:05:08', '2019-06-24 00:05:08', 1),
(1035, 'GF 23', 'north_cambridge', 'wharton', 'vacant', 12000.00000000, 11000.00000000, 2000.00, 20.00000000, '1SB', NULL, '2019-06-24 00:05:23', '2019-06-24 00:05:23', 1),
(1037, 'GF 17', 'north_cambridge', 'wharton', 'vacant', 12000.00000000, 11000.00000000, 2000.00, 20.00000000, '1SB', NULL, '2019-06-24 00:06:56', '2019-06-24 00:06:56', 1),
(1038, 'GF 19', 'north_cambridge', 'wharton', 'vacant', 12000.00000000, 11000.00000000, 2000.00, 20.00000000, '1SB', NULL, '2019-06-24 00:07:15', '2019-06-24 00:07:15', 1),
(1039, 'GF 29', 'north_cambridge', 'wharton', 'vacant', 12000.00000000, 11000.00000000, 2000.00, 20.00000000, '1SB', NULL, '2019-06-24 00:07:33', '2019-06-24 00:07:33', 1),
(1040, '2F 2', 'north_cambridge', 'wharton', 'vacant', 12000.00000000, 11000.00000000, 2000.00, 20.00000000, '1SB', NULL, '2019-06-24 00:07:48', '2019-06-24 00:07:48', 2),
(1041, '2F 3', 'north_cambridge', 'wharton', 'vacant', 12000.00000000, 11000.00000000, 2000.00, 20.00000000, '1SB', NULL, '2019-06-24 00:08:04', '2019-06-24 00:08:04', 2),
(1042, '2F 10', 'north_cambridge', 'wharton', 'vacant', 12000.00000000, 11000.00000000, 2000.00, 20.00000000, '1SB', NULL, '2019-06-24 00:08:29', '2019-06-24 00:08:29', 2),
(1043, '2F 13', 'north_cambridge', 'wharton', 'vacant', 12000.00000000, 11000.00000000, 2000.00, 20.00000000, '1SB', NULL, '2019-06-24 00:09:02', '2019-06-24 00:09:02', 2),
(1044, '2F 18', 'north_cambridge', 'wharton', 'vacant', 12000.00000000, 11000.00000000, 2000.00, 20.00000000, '1SB', NULL, '2019-06-24 00:09:34', '2019-06-24 00:09:34', 2),
(1045, '2F 27', 'north_cambridge', 'wharton', 'vacant', 12000.00000000, 11000.00000000, 2000.00, 20.00000000, '1SB', NULL, '2019-06-24 00:10:05', '2019-06-24 00:10:05', 2),
(1046, '3F 12', 'north_cambridge', 'wharton', 'vacant', 12000.00000000, 11000.00000000, 2000.00, 20.00000000, '1SB', NULL, '2019-06-24 00:10:32', '2019-06-24 00:10:32', 3),
(1047, '3F 14', 'north_cambridge', 'wharton', 'vacant', 12000.00000000, 11000.00000000, 2000.00, 20.00000000, '1SB', NULL, '2019-06-24 00:10:46', '2019-06-24 00:10:46', 3),
(1048, '3F 28', 'north_cambridge', 'wharton', 'vacant', 12000.00000000, 11000.00000000, 2000.00, 20.00000000, '1SB', NULL, '2019-06-24 00:11:33', '2019-06-24 00:11:33', 3),
(1049, '4F 07', 'north_cambridge', 'wharton', 'vacant', 12000.00000000, 11000.00000000, 2000.00, 20.00000000, '1SB', NULL, '2019-06-24 00:11:53', '2019-06-24 00:11:53', 4),
(1050, '4F 24', 'north_cambridge', 'wharton', 'vacant', 12000.00000000, 11000.00000000, 2000.00, 20.00000000, '1SB', NULL, '2019-06-24 00:12:08', '2019-06-24 00:12:08', 4),
(1051, '4F 25', 'north_cambridge', 'wharton', 'vacant', 12000.00000000, 11000.00000000, 2000.00, 20.00000000, '1SB', NULL, '2019-06-24 00:12:30', '2019-06-24 00:12:30', 4),
(1052, '5F 01', 'north_cambridge', 'wharton', 'vacant', 12000.00000000, 11000.00000000, 2000.00, 20.00000000, '1SB', NULL, '2019-06-24 00:12:44', '2019-06-24 00:12:44', 5),
(1053, '5F 06', 'north_cambridge', 'wharton', 'vacant', 12000.00000000, 11000.00000000, 2000.00, 20.00000000, '1SB', NULL, '2019-06-24 00:13:00', '2019-06-24 00:13:00', 5),
(1054, '5F 30', 'north_cambridge', 'wharton', 'vacant', 12000.00000000, 11000.00000000, 2000.00, 20.00000000, '1SB', NULL, '2019-06-24 00:13:22', '2019-06-24 00:13:22', 5),
(1055, '5F 18', 'north_cambridge', 'wharton', 'vacant', 12000.00000000, 11000.00000000, 2000.00, 20.00000000, '1SB', NULL, '2019-06-24 00:14:16', '2019-06-24 00:14:16', 5),
(1056, '6F 13', 'north_cambridge', 'wharton', 'vacant', 12000.00000000, 11000.00000000, 2000.00, 20.00000000, '1SB', NULL, '2019-06-24 00:14:34', '2019-06-24 00:14:34', 6),
(1057, '6F 15', 'north_cambridge', 'wharton', 'vacant', 12000.00000000, 11000.00000000, 2000.00, 20.00000000, '1SB', NULL, '2019-06-24 00:14:59', '2019-06-24 00:14:59', 6),
(1058, '6F 17', 'north_cambridge', 'wharton', 'vacant', 12000.00000000, 11000.00000000, 2000.00, 20.00000000, '1SB', NULL, '2019-06-24 00:16:48', '2019-06-24 00:16:48', 6),
(1059, '6F 26', 'north_cambridge', 'wharton', 'vacant', 12000.00000000, 11000.00000000, 2000.00, 20.00000000, '1SB', NULL, '2019-06-24 00:17:23', '2019-06-24 00:17:23', 6),
(1063, 'LGP East', 'north_cambridge', 'harvard', 'vacant', 7800.00000000, 6800.00000000, 1200.00, 15.00000000, '1SB', NULL, '2019-06-24 16:55:57', '2019-06-24 16:55:57', 1),
(1064, 'LGG West', 'north_cambridge', 'harvard', 'vacant', 7800.00000000, 6800.00000000, 1200.00, 15.00000000, '2SB', NULL, '2019-06-24 16:58:13', '2019-06-24 16:58:13', 2),
(1065, 'UGE East', 'north_cambridge', 'harvard', 'vacant', 7800.00000000, 6800.00000000, 1200.00, 15.00000000, '2SB', NULL, '2019-06-24 16:58:53', '2019-06-24 16:58:53', 2),
(1066, 'UGG West', 'north_cambridge', 'harvard', 'vacant', 7800.00000000, 6800.00000000, 1200.00, 15.00000000, '2SB', NULL, '2019-06-24 16:59:51', '2019-06-24 16:59:51', 2),
(1067, 'UGN East', 'north_cambridge', 'harvard', 'vacant', 7800.00000000, 6800.00000000, 1200.00, 15.00000000, '1DD', NULL, '2019-06-24 17:00:25', '2019-06-24 17:00:25', 2),
(1068, 'UGQ East', 'north_cambridge', 'harvard', 'vacant', 7800.00000000, 6800.00000000, 1200.00, 15.00000000, '2SB', NULL, '2019-06-24 17:00:58', '2019-06-24 17:00:58', 2),
(1069, 'GLA East', 'north_cambridge', 'harvard', 'vacant', 7800.00000000, 6800.00000000, 1200.00, 15.00000000, '2SB', NULL, '2019-06-24 17:02:40', '2019-06-24 17:02:40', 3),
(1070, 'GLB East', 'north_cambridge', 'harvard', 'vacant', 7800.00000000, 6800.00000000, 1200.00, 15.00000000, '1SB&1DD', NULL, '2019-06-24 17:03:20', '2019-06-24 17:03:20', 3),
(1071, 'GLD West', 'north_cambridge', 'harvard', 'vacant', 7800.00000000, 6800.00000000, 1200.00, 15.00000000, '2SB', NULL, '2019-06-24 17:03:41', '2019-06-24 17:03:41', 3),
(1072, 'GLI West', 'north_cambridge', 'harvard', 'vacant', 7800.00000000, 6800.00000000, 1200.00, 15.00000000, '2SB', NULL, '2019-06-24 17:04:02', '2019-06-24 17:04:02', 3),
(1073, 'GLP West', 'north_cambridge', 'harvard', 'vacant', 7800.00000000, 6800.00000000, 1200.00, 15.00000000, '2SB', NULL, '2019-06-24 17:04:22', '2019-06-24 17:04:22', 3),
(1074, '2LR East', 'north_cambridge', 'harvard', 'vacant', 7800.00000000, 6800.00000000, 1200.00, 15.00000000, '2SB', NULL, '2019-06-24 17:04:50', '2019-06-24 17:04:50', 4),
(1075, '2LD East', 'north_cambridge', 'harvard', 'vacant', 7800.00000000, 6800.00000000, 1200.00, 15.00000000, '2SB', NULL, '2019-06-24 17:05:15', '2019-06-24 17:05:15', 4),
(1076, '2LI East', 'north_cambridge', 'harvard', 'vacant', 7800.00000000, 6800.00000000, 1200.00, 15.00000000, '2DD', NULL, '2019-06-24 17:50:31', '2019-06-24 17:50:31', 4),
(1077, '2LM East', 'north_cambridge', 'harvard', 'vacant', 7800.00000000, 6800.00000000, 1200.00, 15.00000000, '2SB', NULL, '2019-06-24 17:51:16', '2019-06-24 17:51:16', 4),
(1078, '3LK East', 'north_cambridge', 'harvard', 'vacant', 7800.00000000, 6800.00000000, 1200.00, 15.00000000, '2SB', NULL, '2019-06-24 17:52:21', '2019-06-24 17:52:21', 5),
(1079, '4LC West', 'north_cambridge', 'harvard', 'vacant', 7800.00000000, 6800.00000000, 1200.00, 15.00000000, '2SB', NULL, '2019-06-24 17:53:16', '2019-06-24 17:53:16', 6),
(1080, '4LD West', 'north_cambridge', 'harvard', 'vacant', 7800.00000000, 6800.00000000, 1200.00, 15.00000000, '2SB', NULL, '2019-06-24 17:53:46', '2019-06-24 17:53:46', 6),
(1081, '4LP East', 'north_cambridge', 'harvard', 'vacant', 7800.00000000, 6800.00000000, 1200.00, 15.00000000, '2SB', NULL, '2019-06-24 17:54:14', '2019-06-24 17:54:14', 6),
(1082, '5LA West', 'north_cambridge', 'harvard', 'vacant', 7800.00000000, 6800.00000000, 1200.00, 15.00000000, '2SB', NULL, '2019-06-24 17:54:34', '2019-06-24 17:54:34', 7),
(1083, '5LD West', 'north_cambridge', 'harvard', 'vacant', 7800.00000000, 6800.00000000, 1200.00, 15.00000000, '2SB', NULL, '2019-06-24 17:55:01', '2019-06-24 17:55:01', 7),
(1084, '5LI West', 'north_cambridge', 'harvard', 'vacant', 7800.00000000, 6800.00000000, 1200.00, 15.00000000, '2SB', NULL, '2019-06-24 17:55:27', '2019-06-24 17:55:27', 7),
(1085, '3LH West', 'north_cambridge', 'harvard', 'vacant', 7800.00000000, 6800.00000000, 1200.00, 15.00000000, '2SB', NULL, '2019-06-24 17:56:10', '2019-06-24 17:56:10', 5),
(1086, '4LF West', 'north_cambridge', 'harvard', 'vacant', 7800.00000000, 6800.00000000, 1200.00, 15.00000000, '2SB', NULL, '2019-06-24 17:57:33', '2019-06-24 17:57:33', 6),
(1087, '4LF East', 'north_cambridge', 'harvard', 'vacant', 7800.00000000, 6800.00000000, 1200.00, 15.00000000, '1SB', NULL, '2019-06-24 17:58:31', '2019-06-24 17:58:31', 6),
(1088, 'LGA East', 'north_cambridge', 'harvard', 'vacant', 7800.00000000, 6800.00000000, 1200.00, 15.00000000, '1SB', NULL, '2019-06-24 17:59:02', '2019-06-24 17:59:02', 1),
(1089, 'LGB East', 'north_cambridge', 'harvard', 'vacant', 7800.00000000, 6800.00000000, 1200.00, 15.00000000, '2SB', NULL, '2019-06-24 17:59:32', '2019-06-24 17:59:32', 1),
(1090, 'LGC East', 'north_cambridge', 'harvard', 'vacant', 7800.00000000, 6800.00000000, 1200.00, 15.00000000, '2SB', NULL, '2019-06-24 18:08:08', '2019-06-24 18:08:08', 1),
(1091, 'LGD East', 'north_cambridge', 'harvard', 'vacant', 7800.00000000, 6800.00000000, 1200.00, 15.00000000, '2SB', NULL, '2019-06-24 18:08:34', '2019-06-24 18:08:34', 1),
(1092, 'LGE East', 'north_cambridge', 'harvard', 'vacant', 7800.00000000, 6800.00000000, 1200.00, 15.00000000, '1SB&1DD', NULL, '2019-06-24 18:09:05', '2019-06-24 18:09:05', 1),
(1093, 'LGG East', 'north_cambridge', 'harvard', 'vacant', 7800.00000000, 6800.00000000, 1200.00, 15.00000000, '2SB', NULL, '2019-06-24 18:09:26', '2019-06-24 18:09:26', 1),
(1094, 'LGK East', 'north_cambridge', 'harvard', 'vacant', 7800.00000000, 6800.00000000, 1200.00, 15.00000000, '2SB', NULL, '2019-06-24 18:09:55', '2019-06-24 18:09:55', 1),
(1095, 'LGO East', 'north_cambridge', 'harvard', 'vacant', 7800.00000000, 6800.00000000, 1200.00, 15.00000000, '2SB', NULL, '2019-06-24 18:10:15', '2019-06-24 18:10:15', 1),
(1096, 'LGQ East', 'north_cambridge', 'harvard', 'vacant', 7800.00000000, 6800.00000000, 1200.00, 15.00000000, '2SB', NULL, '2019-06-24 18:10:39', '2019-06-24 18:10:39', 1),
(1097, 'LGR East', 'north_cambridge', 'harvard', 'vacant', 7800.00000000, 6800.00000000, 1200.00, 15.00000000, '1SB', NULL, '2019-06-24 18:10:54', '2019-06-24 18:10:54', 1),
(1098, 'LGB West', 'north_cambridge', 'harvard', 'vacant', 7800.00000000, 6800.00000000, 1200.00, 15.00000000, '2SB', NULL, '2019-06-24 18:11:25', '2019-06-24 18:11:25', 1),
(1099, 'LGC West', 'north_cambridge', 'harvard', 'vacant', 7800.00000000, 6800.00000000, 1200.00, 15.00000000, '2SB', NULL, '2019-06-24 18:11:49', '2019-06-24 18:11:49', 1),
(1100, 'LGH West', 'north_cambridge', 'harvard', 'vacant', 7800.00000000, 6800.00000000, 1200.00, 15.00000000, '2SB', NULL, '2019-06-24 18:12:08', '2019-06-24 18:12:08', 1),
(1101, 'UGA East', 'north_cambridge', 'harvard', 'vacant', 7800.00000000, 6800.00000000, 1200.00, 15.00000000, '2SB', NULL, '2019-06-24 18:12:41', '2019-06-24 18:12:41', 2),
(1102, 'UGF East', 'north_cambridge', 'harvard', 'vacant', 7800.00000000, 6800.00000000, 1200.00, 15.00000000, '2SB', NULL, '2019-06-24 18:13:32', '2019-06-24 18:13:32', 2),
(1103, 'UGG East', 'north_cambridge', 'harvard', 'vacant', 7800.00000000, 6800.00000000, 1200.00, 15.00000000, '2SB', NULL, '2019-06-24 18:13:58', '2019-06-24 18:13:58', 2),
(1104, 'UGH East', 'north_cambridge', 'harvard', 'vacant', 7800.00000000, 6800.00000000, 1200.00, 15.00000000, '2SB', NULL, '2019-06-24 18:14:32', '2019-06-24 18:14:32', 2),
(1105, 'UGK East', 'north_cambridge', 'harvard', 'vacant', 7800.00000000, 6800.00000000, 1200.00, 15.00000000, '2SB', NULL, '2019-06-24 18:15:07', '2019-06-24 18:15:07', 2),
(1106, 'UGL West', 'north_cambridge', 'harvard', 'vacant', 7800.00000000, 6800.00000000, 1200.00, 15.00000000, '2SB', NULL, '2019-06-24 18:15:28', '2019-06-24 18:15:28', 2),
(1107, 'GLC East', 'north_cambridge', 'harvard', 'vacant', 7800.00000000, 6800.00000000, 1200.00, 15.00000000, '2SB', NULL, '2019-06-24 18:15:53', '2019-06-24 18:15:53', 3),
(1108, 'GLE East', 'north_cambridge', 'harvard', 'vacant', 7800.00000000, 6800.00000000, 1200.00, 15.00000000, '2SB', NULL, '2019-06-24 18:16:15', '2019-06-24 18:16:15', 3),
(1109, 'GLG East', 'north_cambridge', 'harvard', 'vacant', 7800.00000000, 6800.00000000, 1200.00, 15.00000000, '2SB', NULL, '2019-06-24 18:17:08', '2019-06-24 18:17:08', 3),
(1110, 'GLI East', 'north_cambridge', 'harvard', 'vacant', 7800.00000000, 6800.00000000, 1200.00, 15.00000000, '2SB', NULL, '2019-06-24 18:17:24', '2019-06-24 18:17:24', 3),
(1111, 'GLJ East', 'north_cambridge', 'harvard', 'vacant', 7800.00000000, 6800.00000000, 1200.00, 15.00000000, '2SB', NULL, '2019-06-24 18:17:41', '2019-06-24 18:17:41', 3),
(1112, 'GLK East', 'north_cambridge', 'harvard', 'vacant', 7800.00000000, 6800.00000000, 1200.00, 15.00000000, '2SB', NULL, '2019-06-24 18:18:04', '2019-06-24 18:18:04', 3),
(1113, 'GLL East', 'north_cambridge', 'harvard', 'vacant', 7800.00000000, 6800.00000000, 1200.00, 15.00000000, '2SB', NULL, '2019-06-24 18:18:40', '2019-06-24 18:18:40', 3),
(1114, 'GLO East', 'north_cambridge', 'harvard', 'vacant', 7800.00000000, 6800.00000000, 1200.00, 15.00000000, '2SB', NULL, '2019-06-24 18:19:09', '2019-06-24 18:19:09', 3),
(1115, 'GLP East', 'north_cambridge', 'harvard', 'vacant', 7800.00000000, 6800.00000000, 1200.00, 15.00000000, '2SB', NULL, '2019-06-24 18:19:35', '2019-06-24 18:19:35', 3),
(1116, 'GLR East', 'north_cambridge', 'harvard', 'vacant', 7800.00000000, 6800.00000000, 1200.00, 15.00000000, '2SB', NULL, '2019-06-24 18:20:08', '2019-06-24 18:20:08', 3),
(1117, 'GLH West', 'north_cambridge', 'harvard', 'vacant', 7800.00000000, 6800.00000000, 1200.00, 15.00000000, '2SB', NULL, '2019-06-24 18:20:29', '2019-06-24 18:20:29', 3),
(1118, 'GLM West', 'north_cambridge', 'harvard', 'vacant', 7800.00000000, 6800.00000000, 1200.00, 15.00000000, '2SB', NULL, '2019-06-24 18:20:47', '2019-06-24 18:20:47', 3),
(1119, 'GLO West', 'north_cambridge', 'harvard', 'vacant', 7800.00000000, 6800.00000000, 1200.00, 15.00000000, '2SB', NULL, '2019-06-24 18:21:08', '2019-06-24 18:21:08', 3),
(1120, 'GLR West', 'north_cambridge', 'harvard', 'vacant', 7800.00000000, 6800.00000000, 1200.00, 15.00000000, '2SB', NULL, '2019-06-24 18:21:29', '2019-06-24 18:21:29', 3),
(1121, '2LB East', 'north_cambridge', 'harvard', 'vacant', 7800.00000000, 6800.00000000, 1200.00, 15.00000000, '2SB', NULL, '2019-06-24 18:22:08', '2019-06-24 18:22:08', 4),
(1122, '2LE East', 'north_cambridge', 'harvard', 'vacant', 7800.00000000, 6800.00000000, 1200.00, 15.00000000, '2SB', NULL, '2019-06-24 18:22:34', '2019-06-24 18:22:34', 4),
(1123, '2LH East', 'north_cambridge', 'harvard', 'vacant', 7800.00000000, 6800.00000000, 1200.00, 15.00000000, '2DD', NULL, '2019-06-24 18:24:17', '2019-06-24 18:24:17', 4),
(1124, '2LP East', 'north_cambridge', 'harvard', 'vacant', 7800.00000000, 6800.00000000, 1200.00, 15.00000000, '2SB', NULL, '2019-06-24 18:24:42', '2019-06-24 18:24:42', 4),
(1125, '2LA West', 'north_cambridge', 'harvard', 'vacant', 7800.00000000, 6800.00000000, 1200.00, 15.00000000, '2SB', NULL, '2019-06-24 18:26:22', '2019-06-24 18:26:22', 4),
(1126, '2LE West', 'north_cambridge', 'harvard', 'vacant', 7800.00000000, 6800.00000000, 1200.00, 15.00000000, '2SB', NULL, '2019-06-24 18:26:37', '2019-06-24 18:26:37', 4),
(1127, '2LL West', 'north_cambridge', 'harvard', 'vacant', 7800.00000000, 6800.00000000, 1200.00, 15.00000000, '2SB', NULL, '2019-06-24 18:30:46', '2019-06-24 18:30:46', 4),
(1128, '2LN West', 'north_cambridge', 'harvard', 'vacant', 7800.00000000, 6800.00000000, 1200.00, 15.00000000, '2SB', NULL, '2019-06-24 18:31:49', '2019-06-24 18:31:49', 4),
(1129, '2LI West', 'north_cambridge', 'harvard', 'vacant', 7800.00000000, 6800.00000000, 1200.00, 15.00000000, '2SB', NULL, '2019-06-24 18:32:04', '2019-06-24 18:32:04', 4),
(1130, '2LO West', 'north_cambridge', 'harvard', 'vacant', 7800.00000000, 6800.00000000, 1200.00, 15.00000000, '2SB', NULL, '2019-06-24 18:32:51', '2019-06-24 18:32:51', 4),
(1131, '3LA East', 'north_cambridge', 'harvard', 'vacant', 7800.00000000, 6800.00000000, 1200.00, 15.00000000, '2SB', NULL, '2019-06-24 18:33:25', '2019-06-24 18:33:25', 5),
(1138, '3LC West', 'north_cambridge', 'harvard', 'vacant', 7800.00000000, 6800.00000000, 1200.00, 15.00000000, '2SB', NULL, '2019-06-24 18:44:50', '2019-06-24 18:44:50', 5),
(1140, '3LE West', 'north_cambridge', 'harvard', 'vacant', 7800.00000000, 6800.00000000, 1200.00, 15.00000000, '1SB', NULL, '2019-06-24 18:50:10', '2019-06-24 18:50:10', 5),
(1134, '3LJ East', 'north_cambridge', 'harvard', 'vacant', 7800.00000000, 6800.00000000, 1200.00, 15.00000000, '2SB', NULL, '2019-06-24 18:36:07', '2019-06-24 18:36:07', 5),
(1135, '3LN East', 'north_cambridge', 'harvard', 'vacant', 7800.00000000, 6800.00000000, 1200.00, 15.00000000, '2SB', NULL, '2019-06-24 18:36:29', '2019-06-24 18:36:29', 5),
(1136, '3LP East', 'north_cambridge', 'harvard', 'vacant', 7800.00000000, 6800.00000000, 1200.00, 15.00000000, '2SB', NULL, '2019-06-24 18:37:03', '2019-06-24 18:37:03', 5),
(1137, '3LQ East', 'north_cambridge', 'harvard', 'vacant', 7800.00000000, 6800.00000000, 1200.00, 15.00000000, '2SB', NULL, '2019-06-24 18:40:02', '2019-06-24 18:40:02', 5),
(1139, '3LD West', 'north_cambridge', 'harvard', 'vacant', 7800.00000000, 6800.00000000, 1200.00, 15.00000000, '2DD', NULL, '2019-06-24 18:48:40', '2019-06-24 18:48:40', 5),
(1141, '3LI West', 'north_cambridge', 'harvard', 'vacant', 7800.00000000, 6800.00000000, 1200.00, 15.00000000, '2SB', NULL, '2019-06-24 18:55:13', '2019-06-24 18:55:13', 5),
(1142, '3LO West', 'north_cambridge', 'harvard', 'vacant', 7800.00000000, 6800.00000000, 1200.00, 15.00000000, '2DD', NULL, '2019-06-24 18:55:54', '2019-06-24 18:55:54', 5),
(1143, '3LP West', 'north_cambridge', 'harvard', 'vacant', 7800.00000000, 6800.00000000, 1200.00, 15.00000000, '2SB', NULL, '2019-06-24 18:57:18', '2019-06-24 18:57:18', 5),
(1144, '4LG East', 'north_cambridge', 'harvard', 'vacant', 7800.00000000, 6800.00000000, 1200.00, 15.00000000, '2SB', NULL, '2019-06-24 18:59:45', '2019-06-24 18:59:45', 6),
(1146, '4LJ East', 'north_cambridge', 'harvard', 'vacant', 7800.00000000, 6800.00000000, 1200.00, 15.00000000, '1SB', NULL, '2019-06-24 19:02:29', '2019-06-24 19:02:29', 6),
(1147, '4Lk East', 'north_cambridge', 'harvard', 'vacant', 7800.00000000, 6800.00000000, 1200.00, 15.00000000, '2SB', NULL, '2019-06-24 19:04:06', '2019-06-24 19:04:06', 6),
(1148, '4LL East', 'north_cambridge', 'harvard', 'vacant', 7800.00000000, 6800.00000000, 1200.00, 15.00000000, '2SB', NULL, '2019-06-24 19:04:34', '2019-06-24 19:04:34', 6),
(1149, '4LM East', 'north_cambridge', 'harvard', 'vacant', 7800.00000000, 6800.00000000, 1200.00, 15.00000000, '2SB', NULL, '2019-06-24 19:06:07', '2019-06-24 19:06:07', 6),
(1150, '4LO East', 'north_cambridge', 'harvard', 'vacant', 7800.00000000, 6800.00000000, 1200.00, 15.00000000, '2SB', NULL, '2019-06-24 19:06:51', '2019-06-24 19:06:51', 6),
(1151, '4LR East', 'north_cambridge', 'harvard', 'vacant', 7800.00000000, 6800.00000000, 1200.00, 15.00000000, '2SB', NULL, '2019-06-24 19:07:22', '2019-06-24 19:07:22', 6),
(1152, '4LE West', 'north_cambridge', 'harvard', 'vacant', 7800.00000000, 6800.00000000, 1200.00, 15.00000000, '2SB', NULL, '2019-06-24 19:07:41', '2019-06-24 19:07:41', 6),
(1153, '4LO West', 'north_cambridge', 'harvard', 'vacant', 7800.00000000, 6800.00000000, 1200.00, 15.00000000, '2SB', NULL, '2019-06-24 19:07:58', '2019-06-24 19:07:58', 6),
(1154, '4LR West', 'north_cambridge', 'harvard', 'vacant', 7800.00000000, 6800.00000000, 1200.00, 15.00000000, '2SB', NULL, '2019-06-24 19:13:34', '2019-06-24 19:13:34', 6),
(1155, '5LB East', 'north_cambridge', 'harvard', 'vacant', 7800.00000000, 6800.00000000, 1200.00, 15.00000000, '2SB', NULL, '2019-06-24 19:14:25', '2019-06-24 19:14:25', 7),
(1156, '5LC East', 'north_cambridge', 'harvard', 'vacant', 7800.00000000, 6800.00000000, 1200.00, 15.00000000, '2SB', NULL, '2019-06-24 19:14:47', '2019-06-24 19:14:47', 7),
(1157, '5LD East', 'north_cambridge', 'harvard', 'vacant', 7800.00000000, 6800.00000000, 1200.00, 15.00000000, '2SB', NULL, '2019-06-24 19:21:38', '2019-06-24 19:21:38', 7),
(1158, '5LF East', 'north_cambridge', 'harvard', 'vacant', 7800.00000000, 6800.00000000, 1200.00, 15.00000000, '2SB', NULL, '2019-06-24 19:21:59', '2019-06-24 19:21:59', 7),
(1159, '5LJ East', 'north_cambridge', 'harvard', 'vacant', 7800.00000000, 6800.00000000, 1200.00, 15.00000000, '2SB', NULL, '2019-06-24 19:22:39', '2019-06-24 19:22:39', 7),
(1160, '5LK East', 'north_cambridge', 'harvard', 'vacant', 7800.00000000, 6800.00000000, 1200.00, 15.00000000, '2SB', NULL, '2019-06-24 19:26:58', '2019-06-24 19:26:58', 7),
(1161, '5LM East', 'north_cambridge', 'harvard', 'vacant', 7800.00000000, 6800.00000000, 1200.00, 15.00000000, '2SB', NULL, '2019-06-24 19:29:39', '2019-06-24 19:29:39', 7),
(1162, '5LN East', 'north_cambridge', 'harvard', 'vacant', 7800.00000000, 6800.00000000, 1200.00, 15.00000000, '2SB', NULL, '2019-06-24 19:30:00', '2019-06-24 19:30:00', 7),
(1163, '5LO East', 'north_cambridge', 'harvard', 'vacant', 7800.00000000, 6800.00000000, 1200.00, 15.00000000, '2SB', NULL, '2019-06-24 19:30:26', '2019-06-24 19:30:26', 7),
(1164, '5LP East', 'north_cambridge', 'harvard', 'vacant', 7800.00000000, 6800.00000000, 1200.00, 15.00000000, '2SB', NULL, '2019-06-24 19:30:44', '2019-06-24 19:30:44', 7),
(1165, '5LQ East', 'north_cambridge', 'harvard', 'vacant', 7800.00000000, 6800.00000000, 1200.00, 15.00000000, '2SB', NULL, '2019-06-24 19:31:13', '2019-06-24 19:31:13', 7),
(1166, '5LC West', 'north_cambridge', 'harvard', 'vacant', 7800.00000000, 6800.00000000, 1200.00, 15.00000000, '2SB', NULL, '2019-06-24 19:31:34', '2019-06-24 19:31:34', 7),
(1167, '5LF West', 'north_cambridge', 'harvard', 'vacant', 7800.00000000, 6800.00000000, 1200.00, 15.00000000, '2SB', NULL, '2019-06-24 19:32:07', '2019-06-24 19:32:07', 7),
(1168, '5LH West', 'north_cambridge', 'harvard', 'vacant', 7800.00000000, 6800.00000000, 1200.00, 15.00000000, '2SB', NULL, '2019-06-24 19:32:35', '2019-06-24 19:32:35', 7),
(1169, '5LJ West', 'north_cambridge', 'harvard', 'vacant', 7800.00000000, 6800.00000000, 1200.00, 15.00000000, '2SB', NULL, '2019-06-24 19:33:17', '2019-06-24 19:33:17', 7),
(1170, '5LK West', 'north_cambridge', 'harvard', 'vacant', 7800.00000000, 6800.00000000, 1200.00, 15.00000000, '2SB', NULL, '2019-06-24 19:33:37', '2019-06-24 19:33:37', 7),
(1171, '5LL West', 'north_cambridge', 'harvard', 'vacant', 7800.00000000, 6800.00000000, 1200.00, 15.00000000, '2SB', NULL, '2019-06-24 19:33:53', '2019-06-24 19:33:53', 7),
(1172, '5LM West', 'north_cambridge', 'harvard', 'vacant', 7800.00000000, 6800.00000000, 1200.00, 15.00000000, '2SB', NULL, '2019-06-24 19:34:30', '2019-06-24 19:34:30', 7),
(1173, '5LN West', 'north_cambridge', 'harvard', 'vacant', 7800.00000000, 6800.00000000, 1200.00, 15.00000000, '1SB', NULL, '2019-06-24 19:34:50', '2019-06-24 19:34:50', 7),
(1174, '5LP West', 'north_cambridge', 'harvard', 'vacant', 7800.00000000, 6800.00000000, 1200.00, 15.00000000, '2SB', NULL, '2019-06-24 19:38:34', '2019-06-24 19:38:34', 7),
(1175, '5LQ West', 'north_cambridge', 'harvard', 'vacant', 7800.00000000, 6800.00000000, 1200.00, 15.00000000, '2SB', NULL, '2019-06-24 19:39:23', '2019-06-24 19:39:23', 7),
(1176, '5LR West', 'north_cambridge', 'harvard', 'vacant', 7800.00000000, 6800.00000000, 1200.00, 15.00000000, '2SB', NULL, '2019-06-24 19:40:43', '2019-06-24 19:40:43', 7),
(1177, '6LH East', 'north_cambridge', 'harvard', 'vacant', 7800.00000000, 6800.00000000, 1200.00, 15.00000000, '1SB', NULL, '2019-06-24 19:41:08', '2019-06-24 19:41:08', 8),
(1178, '6LN East', 'north_cambridge', 'harvard', 'vacant', 7800.00000000, 6800.00000000, 1200.00, 15.00000000, '2SB', NULL, '2019-06-24 19:42:03', '2019-06-24 19:42:03', 8),
(1179, '6LK East', 'north_cambridge', 'harvard', 'vacant', 7800.00000000, 6800.00000000, 1200.00, 15.00000000, '2SB', NULL, '2019-06-24 19:42:17', '2019-06-24 19:42:17', 8),
(1180, '6LR East', 'north_cambridge', 'harvard', 'vacant', 7800.00000000, 6800.00000000, 1200.00, 15.00000000, '2SB', NULL, '2019-06-24 19:42:31', '2019-06-24 19:42:31', 8),
(1181, '6LL West', 'north_cambridge', 'harvard', 'vacant', 7800.00000000, 6800.00000000, 1200.00, 15.00000000, '2SB', NULL, '2019-06-24 19:42:49', '2019-06-24 19:42:49', 8),
(1182, '6LM West', 'north_cambridge', 'harvard', 'vacant', 7800.00000000, 6800.00000000, 1200.00, 15.00000000, '1SB&1DD', NULL, '2019-06-24 19:43:15', '2019-06-24 19:43:15', 8),
(1183, '6LO West', 'north_cambridge', 'harvard', 'vacant', 7800.00000000, 6800.00000000, 1200.00, 15.00000000, '2SB', NULL, '2019-06-24 19:44:47', '2019-06-24 19:44:47', 8),
(1184, '6LP West', 'north_cambridge', 'harvard', 'vacant', 7800.00000000, 6800.00000000, 1200.00, 15.00000000, '1SB', NULL, '2019-06-24 19:45:08', '2019-06-24 19:45:08', 8),
(1186, '2LGF B', 'north_cambridge', 'princeton', 'vacant', 8500.00000000, 7500.00000000, 1200.00, 15.00000000, '2SB', NULL, '2019-06-25 12:31:45', '2019-06-25 12:31:45', 2),
(1187, 'LGF 1', 'north_cambridge', 'princeton', 'vacant', 8500.00000000, 7500.00000000, 1200.00, 15.00000000, '2SB', NULL, '2019-06-25 12:33:12', '2019-06-25 12:33:12', 3),
(1188, 'GF C', 'north_cambridge', 'princeton', 'vacant', 8500.00000000, 7500.00000000, 1200.00, 15.00000000, '2SB', NULL, '2019-06-25 12:33:48', '2019-06-25 12:33:48', 5),
(1189, 'UGF 02', 'north_cambridge', 'princeton', 'vacant', 8500.00000000, 7500.00000000, 1200.00, 15.00000000, '1SB', NULL, '2019-06-25 12:34:31', '2019-06-25 12:34:31', 4),
(1190, 'UGF 12', 'north_cambridge', 'princeton', 'vacant', 8500.00000000, 7500.00000000, 1200.00, 15.00000000, '2DD', NULL, '2019-06-25 12:35:27', '2019-06-25 12:35:27', 4),
(1191, '6F K', 'north_cambridge', 'princeton', 'vacant', 8500.00000000, 7500.00000000, 1200.00, 15.00000000, '2SB', NULL, '2019-06-24 23:56:08', '2019-06-24 23:56:08', 10),
(1192, 'GF E', 'north_cambridge', 'princeton', 'vacant', 8500.00000000, 7500.00000000, 1200.00, 15.00000000, '2SB', NULL, '2019-06-24 23:56:52', '2019-06-24 23:56:52', 4),
(1193, '6F 03', 'north_cambridge', 'princeton', 'vacant', 8500.00000000, 7500.00000000, 1200.00, 15.00000000, '2SB', NULL, '2019-06-24 23:57:29', '2019-06-24 23:57:29', 10),
(1194, 'GF 09', 'north_cambridge', 'princeton', 'vacant', 8500.00000000, 7500.00000000, 1200.00, 15.00000000, '2SB', NULL, '2019-06-25 00:08:23', '2019-06-25 00:08:23', 5),
(1195, '3LGFB', 'north_cambridge', 'princeton', 'vacant', 8500.00000000, 7500.00000000, 1200.00, 15.00000000, '2SB', NULL, '2019-06-25 00:09:14', '2019-06-25 00:09:14', 1),
(1196, '2LGF C', 'north_cambridge', 'princeton', 'vacant', 8500.00000000, 7500.00000000, 1200.00, 15.00000000, '1SB&1DD', NULL, '2019-06-25 00:09:48', '2019-06-25 00:09:48', 2),
(1197, '2LGF D', 'north_cambridge', 'princeton', 'vacant', 8500.00000000, 7500.00000000, 1200.00, 15.00000000, '2SB', NULL, '2019-06-25 00:10:15', '2019-06-25 00:10:15', 2),
(1198, 'LGF A', 'north_cambridge', 'princeton', 'vacant', 8500.00000000, 7500.00000000, 1200.00, 15.00000000, '2SB', NULL, '2019-06-25 00:10:58', '2019-06-25 00:10:58', 3),
(1199, 'LGF D', 'north_cambridge', 'princeton', 'vacant', 8500.00000000, 7500.00000000, 1200.00, 15.00000000, '2SB', NULL, '2019-06-25 00:11:25', '2019-06-25 00:11:25', 3),
(1200, 'LGF K', 'north_cambridge', 'princeton', 'vacant', 8500.00000000, 7500.00000000, 1200.00, 15.00000000, '2SB', NULL, '2019-06-25 00:11:51', '2019-06-25 00:11:51', 3),
(1201, 'UGF I', 'north_cambridge', 'princeton', 'vacant', 8500.00000000, 7500.00000000, 1200.00, 15.00000000, '2SB', NULL, '2019-06-25 00:12:29', '2019-06-25 00:12:29', 4),
(1202, 'UGF J', 'north_cambridge', 'princeton', 'vacant', 8500.00000000, 7500.00000000, 1200.00, 15.00000000, '1SB', NULL, '2019-06-25 00:13:04', '2019-06-25 00:13:04', 4),
(1203, 'UGF M', 'north_cambridge', 'princeton', 'vacant', 8500.00000000, 7500.00000000, 1200.00, 15.00000000, '1SB', NULL, '2019-06-25 00:13:45', '2019-06-25 00:13:45', 4),
(1204, 'UGF 04', 'north_cambridge', 'princeton', 'vacant', 8500.00000000, 7500.00000000, 1200.00, 15.00000000, '2SB', NULL, '2019-06-25 00:14:15', '2019-06-25 00:14:15', 4),
(1205, 'GF A', 'north_cambridge', 'princeton', 'vacant', 8500.00000000, 7500.00000000, 1200.00, 15.00000000, '1SB', NULL, '2019-06-25 00:14:46', '2019-06-25 00:14:46', 5),
(1206, 'GF I', 'north_cambridge', 'princeton', 'vacant', 8500.00000000, 7500.00000000, 1200.00, 15.00000000, '2SB', NULL, '2019-06-25 00:15:12', '2019-06-25 00:15:12', 5),
(1207, 'GF J', 'north_cambridge', 'princeton', 'vacant', 8500.00000000, 7500.00000000, 1200.00, 15.00000000, '2SB', NULL, '2019-06-25 00:15:38', '2019-06-25 00:15:38', 5),
(1208, 'GF K', 'north_cambridge', 'princeton', 'vacant', 8500.00000000, 7500.00000000, 1200.00, 15.00000000, '2SB', NULL, '2019-06-25 00:16:00', '2019-06-25 00:16:00', 5),
(1209, 'GF 02', 'north_cambridge', 'princeton', 'vacant', 8500.00000000, 7500.00000000, 1200.00, 15.00000000, '2DD', NULL, '2019-06-25 00:16:33', '2019-06-25 00:16:33', 5),
(1210, 'GF 03', 'north_cambridge', 'princeton', 'vacant', 8500.00000000, 7500.00000000, 1200.00, 15.00000000, '1SB', NULL, '2019-06-25 00:16:54', '2019-06-25 00:16:54', 5),
(1211, 'GF 07', 'north_cambridge', 'princeton', 'vacant', 8500.00000000, 7500.00000000, 1200.00, 15.00000000, '1SB', NULL, '2019-06-25 00:31:51', '2019-06-25 00:31:51', 5),
(1212, '2F 02', 'north_cambridge', 'princeton', 'vacant', 8500.00000000, 7500.00000000, 1200.00, 15.00000000, '2SB', NULL, '2019-06-25 00:32:12', '2019-06-25 00:32:12', 6),
(1213, '2F 06', 'north_cambridge', 'princeton', 'vacant', 8500.00000000, 7500.00000000, 1200.00, 15.00000000, '2SB', NULL, '2019-06-25 00:32:40', '2019-06-25 00:32:40', 6),
(1214, '2F 11', 'north_cambridge', 'princeton', 'vacant', 8500.00000000, 7500.00000000, 1200.00, 15.00000000, '2DD', NULL, '2019-06-25 00:33:05', '2019-06-25 00:33:05', 6),
(1215, '2F B', 'north_cambridge', 'princeton', 'vacant', 8500.00000000, 7500.00000000, 1200.00, 15.00000000, '2SB', NULL, '2019-06-25 00:33:26', '2019-06-25 00:33:26', 6),
(1216, '2F E', 'north_cambridge', 'princeton', 'vacant', 8500.00000000, 7500.00000000, 1200.00, 15.00000000, '2SB', NULL, '2019-06-25 00:33:45', '2019-06-25 00:33:45', 6),
(1217, '2F F', 'north_cambridge', 'princeton', 'vacant', 8500.00000000, 7500.00000000, 1200.00, 15.00000000, '2SB', NULL, '2019-06-25 00:34:09', '2019-06-25 00:34:09', 6),
(1218, '2F G', 'north_cambridge', 'princeton', 'vacant', 8500.00000000, 7500.00000000, 1200.00, 15.00000000, '2SB', NULL, '2019-06-25 00:34:32', '2019-06-25 00:34:32', 6),
(1219, '2F H', 'north_cambridge', 'princeton', 'vacant', 8500.00000000, 7500.00000000, 1200.00, 15.00000000, '2SB', NULL, '2019-06-25 00:34:50', '2019-06-25 00:34:50', 6),
(1220, '2F I', 'north_cambridge', 'princeton', 'vacant', 8500.00000000, 7500.00000000, 1200.00, 15.00000000, '2SB', NULL, '2019-06-25 00:35:08', '2019-06-25 00:35:08', 6),
(1221, '2F J', 'north_cambridge', 'princeton', 'vacant', 8500.00000000, 7500.00000000, 1200.00, 15.00000000, '2SB', NULL, '2019-06-25 00:35:27', '2019-06-25 00:35:27', 6),
(1222, '2F L', 'north_cambridge', 'princeton', 'vacant', 8500.00000000, 7500.00000000, 1200.00, 15.00000000, '2SB', NULL, '2019-06-25 00:35:46', '2019-06-25 00:35:46', 6),
(1223, '3F C', 'north_cambridge', 'princeton', 'vacant', 8500.00000000, 7500.00000000, 1200.00, 15.00000000, '2DD', NULL, '2019-06-25 00:36:16', '2019-06-25 00:36:16', 7),
(1224, '3F E', 'north_cambridge', 'princeton', 'vacant', 8500.00000000, 7500.00000000, 1200.00, 15.00000000, '2SB', NULL, '2019-06-25 00:36:40', '2019-06-25 00:36:40', 7),
(1225, '3F H', 'north_cambridge', 'princeton', 'vacant', 8500.00000000, 7500.00000000, 1200.00, 15.00000000, '2SB', NULL, '2019-06-25 00:37:00', '2019-06-25 00:37:00', 7),
(1226, '3F M', 'north_cambridge', 'princeton', 'vacant', 8500.00000000, 7500.00000000, 1200.00, 15.00000000, '2SB', NULL, '2019-06-25 00:37:24', '2019-06-25 00:37:24', 7),
(1227, '3F 04', 'north_cambridge', 'princeton', 'vacant', 8500.00000000, 7500.00000000, 1200.00, 15.00000000, '2SB', NULL, '2019-06-25 00:38:03', '2019-06-25 00:38:03', 7),
(1228, '3F 05', 'north_cambridge', 'princeton', 'vacant', 8500.00000000, 7500.00000000, 1200.00, 15.00000000, '2SB', NULL, '2019-06-25 00:39:44', '2019-06-25 00:39:44', 7),
(1229, '3F 06', 'north_cambridge', 'princeton', 'vacant', 8500.00000000, 7500.00000000, 1200.00, 15.00000000, '2SB', NULL, '2019-06-25 00:40:14', '2019-06-25 00:40:14', 7),
(1230, '3F 07', 'north_cambridge', 'princeton', 'vacant', 8500.00000000, 7500.00000000, 1200.00, 15.00000000, '2SB', NULL, '2019-06-25 00:40:46', '2019-06-25 00:40:46', 7),
(1231, '3F 08', 'north_cambridge', 'princeton', 'vacant', 8500.00000000, 7500.00000000, 1200.00, 15.00000000, '2SB', NULL, '2019-06-25 00:41:03', '2019-06-25 00:41:03', 7),
(1232, 'P 3F 12', 'north_cambridge', 'princeton', 'vacant', 8500.00000000, 7500.00000000, 1200.00, 15.00000000, '2SB', NULL, '2019-06-25 00:43:02', '2019-06-25 00:43:02', 7),
(1233, '4F E', 'north_cambridge', 'princeton', 'vacant', 8500.00000000, 7500.00000000, 1200.00, 15.00000000, '2SB', NULL, '2019-06-25 00:43:22', '2019-06-25 00:43:22', 8),
(1234, '4F K', 'north_cambridge', 'princeton', 'vacant', 8500.00000000, 7500.00000000, 1200.00, 15.00000000, '2SB', NULL, '2019-06-25 00:43:47', '2019-06-25 00:43:47', 8),
(1235, 'P 4F 01', 'north_cambridge', 'princeton', 'vacant', 8500.00000000, 7500.00000000, 1200.00, 15.00000000, '2SB', NULL, '2019-06-25 00:45:03', '2019-06-25 00:45:03', 8),
(1236, '4F 02', 'north_cambridge', 'princeton', 'vacant', 8500.00000000, 7500.00000000, 1200.00, 15.00000000, '2SB', NULL, '2019-06-25 00:45:35', '2019-06-25 00:45:35', 8),
(1237, '4F 03', 'north_cambridge', 'princeton', 'vacant', 8500.00000000, 7500.00000000, 1200.00, 15.00000000, '2SB', NULL, '2019-06-25 00:54:54', '2019-06-25 00:54:54', 8),
(1238, '4F 05', 'north_cambridge', 'princeton', 'vacant', 8500.00000000, 7500.00000000, 1200.00, 15.00000000, '2SB', NULL, '2019-06-25 00:55:12', '2019-06-25 00:55:12', 8),
(1239, '4F 06', 'north_cambridge', 'princeton', 'vacant', 8500.00000000, 7500.00000000, 1200.00, 15.00000000, '2SB', NULL, '2019-06-25 00:55:32', '2019-06-25 00:55:32', 8),
(1240, '4F 10', 'north_cambridge', 'princeton', 'vacant', 8500.00000000, 7500.00000000, 1200.00, 15.00000000, '2SB', NULL, '2019-06-25 00:55:48', '2019-06-25 00:55:48', 8),
(1241, '4F 11', 'north_cambridge', 'princeton', 'vacant', 8500.00000000, 7500.00000000, 1200.00, 15.00000000, '2SB', NULL, '2019-06-25 00:56:07', '2019-06-25 00:56:07', 8),
(1242, '4F 12', 'north_cambridge', 'princeton', 'vacant', 8500.00000000, 7500.00000000, 1200.00, 15.00000000, '2SB', NULL, '2019-06-25 00:56:28', '2019-06-25 00:56:28', 8),
(1243, '5F 02', 'north_cambridge', 'princeton', 'vacant', 8500.00000000, 7500.00000000, 1200.00, 15.00000000, '2SB', NULL, '2019-06-25 00:56:51', '2019-06-25 00:56:51', 9),
(1244, '5F 07', 'north_cambridge', 'princeton', 'vacant', 8500.00000000, 7500.00000000, 1200.00, 15.00000000, '2SB', NULL, '2019-06-25 00:57:16', '2019-06-25 00:57:16', 9),
(1245, '5F 09', 'north_cambridge', 'princeton', 'vacant', 8500.00000000, 7500.00000000, 1200.00, 15.00000000, '2SB', NULL, '2019-06-25 00:57:35', '2019-06-25 00:57:35', 9),
(1246, '5F 13', 'north_cambridge', 'princeton', 'vacant', 8500.00000000, 7500.00000000, 1200.00, 15.00000000, '2SB', NULL, '2019-06-25 00:57:55', '2019-06-25 00:57:55', 9),
(1247, '5F A', 'north_cambridge', 'princeton', 'vacant', 8500.00000000, 7500.00000000, 1200.00, 15.00000000, '2SB', NULL, '2019-06-25 00:58:24', '2019-06-25 00:58:24', 9),
(1248, '5F J', 'north_cambridge', 'princeton', 'vacant', 8500.00000000, 7500.00000000, 1200.00, 15.00000000, '2SB', NULL, '2019-06-25 00:58:44', '2019-06-25 00:58:44', 9),
(1249, '5F K', 'north_cambridge', 'princeton', 'vacant', 8500.00000000, 7500.00000000, 1200.00, 15.00000000, '2SB', NULL, '2019-06-25 00:59:03', '2019-06-25 00:59:03', 9),
(1250, '5FL-5FM', 'north_cambridge', 'princeton', 'vacant', 1700.00000000, 1500.00000000, 1200.00, 30.00000000, '2SB', NULL, '2019-06-25 01:00:05', '2019-06-25 01:00:05', 9),
(1251, '6F 02', 'north_cambridge', 'princeton', 'vacant', 8500.00000000, 7500.00000000, 1200.00, 15.00000000, '2SB', NULL, '2019-06-25 01:00:27', '2019-06-25 01:00:27', 10),
(1252, '6F 09', 'north_cambridge', 'princeton', 'vacant', 8500.00000000, 7500.00000000, 1200.00, 15.00000000, '2SB', NULL, '2019-06-25 01:00:45', '2019-06-25 01:00:45', 10),
(1253, '6F 12', 'north_cambridge', 'princeton', 'vacant', 8500.00000000, 7500.00000000, 1200.00, 15.00000000, '1SB&1DD', NULL, '2019-06-25 01:01:06', '2019-06-25 01:01:06', 10),
(1254, '6F D', 'north_cambridge', 'princeton', 'vacant', 8500.00000000, 7500.00000000, 1200.00, 15.00000000, '2SB', NULL, '2019-06-25 01:01:22', '2019-06-25 01:01:22', 10),
(1255, '6F E', 'north_cambridge', 'princeton', 'vacant', 8500.00000000, 7500.00000000, 1200.00, 15.00000000, '2SB', NULL, '2019-06-25 01:01:53', '2019-06-25 01:01:53', 10),
(1256, '6F F', 'north_cambridge', 'princeton', 'vacant', 8500.00000000, 7500.00000000, 1200.00, 15.00000000, '2SB', NULL, '2019-06-25 01:02:17', '2019-06-25 01:02:17', 10),
(1257, '6F I', 'north_cambridge', 'princeton', 'vacant', 8500.00000000, 7500.00000000, 1200.00, 15.00000000, '2SB', NULL, '2019-06-25 01:02:41', '2019-06-25 01:02:41', 10),
(1258, '6F J', 'north_cambridge', 'princeton', 'vacant', 8500.00000000, 7500.00000000, 1200.00, 15.00000000, '2SB', NULL, '2019-06-25 01:02:59', '2019-06-25 01:02:59', 10),
(1259, '2B 010', 'the_courtyards', 'manors', 'occupied', 17000.00000000, 16000.00000000, 0.00, 3500.00000000, '2BR', NULL, '2019-06-26 22:32:23', '2019-06-26 22:32:23', 2),
(1261, '4F 04', 'north_cambridge', 'wharton', 'vacant', 12000.00000000, 11000.00000000, 2000.00, 20.00000000, '1SB', NULL, '2019-06-28 00:58:15', '2019-06-28 00:58:15', 4),
(1260, '3B 004', 'the_courtyards', 'manors', 'vacant', 17000.00000000, 16000.00000000, 3500.00, 42.00000000, '2BR', NULL, '2019-06-27 00:56:54', '2019-06-27 00:56:54', 3),
(1262, '6F 20', 'north_cambridge', 'wharton', 'vacant', 12000.00000000, 11000.00000000, 2000.00, 20.00000000, '1SB', NULL, '2019-06-28 20:40:09', '2019-06-28 20:40:09', 6);

-- --------------------------------------------------------

--
-- Table structure for table `transactions`
--

DROP TABLE IF EXISTS `transactions`;
CREATE TABLE IF NOT EXISTS `transactions` (
  `trans_id` int(10) UNSIGNED NOT NULL AUTO_INCREMENT,
  `trans_date` date NOT NULL,
  `trans_room_id` int(10) UNSIGNED NOT NULL,
  `trans_resident_id` int(10) UNSIGNED NOT NULL,
  `trans_owner_id` int(10) UNSIGNED NOT NULL,
  `trans_status` varchar(191) COLLATE utf8mb4_unicode_ci NOT NULL,
  `actual_move_out_date` date DEFAULT NULL,
  `move_out_reason` varchar(191) COLLATE utf8mb4_unicode_ci DEFAULT NULL,
  `move_in_date` date NOT NULL,
  `move_out_date` date NOT NULL,
  `term` varchar(191) COLLATE utf8mb4_unicode_ci NOT NULL,
  `initial_water_reading` int(11) DEFAULT NULL,
  `initial_electric_reading` int(11) DEFAULT NULL,
  `final_water_reading` int(11) DEFAULT NULL,
  `final_electric_reading` int(11) DEFAULT NULL,
  `created_at` timestamp NULL DEFAULT NULL,
  `updated_at` timestamp NULL DEFAULT NULL,
  PRIMARY KEY (`trans_id`),
  KEY `transactions_trans_room_id_foreign` (`trans_room_id`),
  KEY `transactions_trans_resident_id_foreign` (`trans_resident_id`),
  KEY `transactions_trans_owner_id_foreign` (`trans_owner_id`)
) ENGINE=MyISAM AUTO_INCREMENT=1082 DEFAULT CHARSET=utf8mb4 COLLATE=utf8mb4_unicode_ci;

--
-- Dumping data for table `transactions`
--

INSERT INTO `transactions` (`trans_id`, `trans_date`, `trans_room_id`, `trans_resident_id`, `trans_owner_id`, `trans_status`, `actual_move_out_date`, `move_out_reason`, `move_in_date`, `move_out_date`, `term`, `initial_water_reading`, `initial_electric_reading`, `final_water_reading`, `final_electric_reading`, `created_at`, `updated_at`) VALUES
(1029, '2019-01-19', 1017, 1035, 1022, 'inactive', '2019-02-19', 'end_of_contract', '2019-01-19', '2019-02-19', 'short_term', NULL, NULL, NULL, NULL, '2019-06-26 00:56:39', '2019-06-26 00:56:39'),
(1030, '2019-04-29', 1017, 1041, 1022, 'inactive', '2019-05-01', 'end_of_contract', '2019-04-29', '2019-05-01', 'transient', NULL, NULL, NULL, NULL, '2019-06-26 01:09:00', '2019-06-26 01:09:00'),
(1031, '2019-06-06', 1017, 1042, 1022, 'active', NULL, NULL, '2019-06-06', '2019-12-06', 'long_term', 51, 1785, NULL, NULL, '2019-06-26 01:17:02', '2019-06-26 01:18:01'),
(1032, '2018-09-22', 1014, 1043, 1019, 'active', NULL, NULL, '2018-09-22', '2019-09-22', 'long_term', NULL, NULL, NULL, NULL, '2019-06-26 17:58:29', '2019-06-26 17:58:29'),
(1033, '2015-12-26', 1008, 1047, 1010, 'inactive', '2016-12-26', 'end_of_contract', '2015-12-26', '2016-12-26', 'long_term', NULL, NULL, NULL, NULL, '2019-06-26 18:18:29', '2019-06-26 18:18:29'),
(1034, '2017-02-10', 1008, 1048, 1010, 'inactive', '2017-02-12', 'end_of_contract', '2017-02-10', '2017-02-12', 'transient', NULL, NULL, NULL, NULL, '2019-06-26 18:34:36', '2019-06-26 18:34:36'),
(1035, '2019-06-27', 1008, 1049, 1010, 'inactive', '2017-04-08', 'end_of_contract', '2017-03-08', '2017-04-08', 'short_term', 94, 1461, NULL, NULL, '2019-06-26 18:50:25', '2019-06-26 18:53:27'),
(1036, '2017-04-25', 1008, 1050, 1010, 'inactive', '2017-05-25', 'end_of_contract', '2017-04-25', '2017-05-25', 'short_term', 103, 1565, NULL, NULL, '2019-06-26 19:04:33', '2019-06-26 19:06:44'),
(1037, '2017-10-19', 1008, 1051, 1010, 'inactive', '2017-11-19', 'end_of_contract', '2017-10-19', '2017-11-19', 'short_term', 156, 2131, NULL, NULL, '2019-06-26 19:40:59', '2019-06-26 19:42:12'),
(1038, '2018-04-06', 1008, 1052, 1010, 'inactive', '2018-04-07', 'end_of_contract', '2018-04-06', '2018-04-07', 'transient', NULL, NULL, NULL, NULL, '2019-06-26 19:56:33', '2019-06-26 19:56:33'),
(1039, '2018-04-27', 1008, 1053, 1010, 'inactive', '2018-04-29', 'end_of_contract', '2018-04-27', '2018-04-29', 'transient', 189, 2503, NULL, NULL, '2019-06-26 21:26:05', '2019-06-26 21:28:31'),
(1040, '2018-08-03', 1008, 1054, 1010, 'inactive', '2019-01-26', 'end_of_contract', '2018-08-03', '2019-01-26', 'short_term', NULL, NULL, NULL, NULL, '2019-06-26 21:45:34', '2019-06-26 21:45:34'),
(1041, '2017-12-30', 1008, 1058, 1010, 'inactive', '2018-01-01', 'end_of_contract', '2017-12-30', '2018-01-01', 'transient', 173, 2389, 175, 2314, '2019-06-26 21:58:40', '2019-06-26 21:59:57'),
(1042, '2016-12-26', 1008, 1059, 1010, 'inactive', '2016-12-29', 'end_of_contract', '2016-12-26', '2016-12-29', 'transient', 92, 1424, NULL, NULL, '2019-06-26 22:07:33', '2019-06-26 22:11:01'),
(1043, '2019-06-15', 1008, 1064, 1010, 'active', NULL, NULL, '2019-06-15', '2019-08-15', 'short_term', 468, 7916, NULL, NULL, '2019-06-26 22:33:24', '2019-06-26 22:35:30'),
(1044, '2019-06-07', 1016, 1065, 1021, 'active', NULL, NULL, '2019-06-07', '2019-08-07', 'short_term', 468, 7916, NULL, NULL, '2019-06-26 22:41:31', '2019-06-26 22:42:40'),
(1045, '2019-05-09', 1259, 1068, 1010, 'active', NULL, NULL, '2019-05-09', '2020-05-09', 'long_term', 7, 38, NULL, NULL, '2019-06-26 22:53:02', '2019-06-26 22:54:18'),
(1046, '2016-07-05', 1001, 1071, 1002, 'inactive', '2016-08-05', 'end_of_contract', '2016-07-05', '2016-08-05', 'short_term', 15, 218, 16, 235, '2019-06-26 23:40:56', '2019-06-26 23:49:10'),
(1047, '2016-12-21', 1001, 1072, 1002, 'inactive', '2016-12-22', 'end_of_contract', '2016-12-21', '2016-12-22', 'transient', 15, 218, 16, 235, '2019-06-26 23:45:17', '2019-06-27 01:10:08'),
(1048, '2016-12-28', 1001, 1074, 1002, 'inactive', '2016-12-29', 'end_of_contract', '2016-12-28', '2016-12-29', 'transient', 18, 259, NULL, NULL, '2019-06-27 00:00:01', '2019-06-27 00:08:59'),
(1049, '2016-12-24', 1001, 1075, 1002, 'inactive', '2016-12-26', 'end_of_contract', '2016-12-24', '2016-12-26', 'transient', 16, 235, 18, 259, '2019-06-27 00:04:40', '2019-06-27 01:11:57'),
(1050, '2017-01-06', 1001, 1076, 1002, 'inactive', '2017-04-11', 'end_of_contract', '2017-01-06', '2017-01-08', 'transient', 18, 260, NULL, NULL, '2019-06-27 00:13:50', '2019-06-27 00:15:54'),
(1051, '2017-01-21', 1001, 1078, 1002, 'inactive', '2017-01-22', 'end_of_contract', '2017-01-21', '2017-01-22', 'transient', 20, 286, NULL, NULL, '2019-06-27 00:19:38', '2019-06-27 00:21:45'),
(1052, '2017-02-25', 1001, 1084, 1002, 'inactive', '2017-01-08', 'end_of_contract', '2017-02-25', '2017-02-27', 'transient', 21, 286, NULL, NULL, '2019-06-27 00:26:34', '2019-06-27 00:28:47'),
(1053, '2017-04-10', 1001, 1089, 1002, 'inactive', '2017-04-11', 'end_of_contract', '2017-04-10', '2017-04-11', 'transient', 23, 317, 24, 425, '2019-06-27 00:39:12', '2019-06-27 00:41:23'),
(1054, '2017-04-11', 1001, 1090, 1002, 'inactive', '2017-04-12', 'end_of_contract', '2017-04-11', '2017-04-12', 'transient', 24, 425, 25, 429, '2019-06-27 00:41:02', '2019-06-27 00:45:26'),
(1055, '2017-04-19', 1001, 1093, 1002, 'inactive', '2017-04-20', 'end_of_contract', '2017-04-19', '2017-04-20', 'transient', 25, 429, 26, NULL, '2019-06-27 00:47:27', '2019-06-27 00:55:12'),
(1056, '2017-04-30', 1001, 1100, 1002, 'inactive', '2017-05-02', 'end_of_contract', '2017-04-30', '2017-05-02', 'transient', 24, 336, NULL, NULL, '2019-06-27 01:18:01', '2019-06-27 16:26:32'),
(1057, '2017-05-30', 1001, 1109, 1002, 'active', '2018-05-30', 'end_of_contract', '2017-05-30', '2020-05-30', 'long_term', 27, 350, NULL, NULL, '2019-06-27 16:31:55', '2019-06-27 16:33:10'),
(1058, '2019-06-26', 1012, 1114, 1017, 'active', NULL, NULL, '2019-06-26', '2019-09-26', 'short_term', 9, 81, NULL, NULL, '2019-06-27 16:47:09', '2019-06-27 16:48:24'),
(1059, '2018-05-07', 1007, 1117, 1009, 'inactive', '2019-05-07', 'end_of_contract', '2018-05-07', '2019-05-07', 'long_term', NULL, NULL, NULL, NULL, '2019-06-27 16:56:10', '2019-06-27 16:56:10'),
(1060, '2018-03-29', 1007, 1119, 1009, 'inactive', '2018-03-30', 'end_of_contract', '2018-03-29', '2018-03-30', 'transient', 3, 3, 3, 4, '2019-06-27 17:08:19', '2019-06-27 17:09:32'),
(1061, '2018-12-22', 1016, 1120, 1021, 'inactive', '2019-06-22', 'unruly', '2018-12-22', '2019-06-22', 'long_term', NULL, NULL, 468, NULL, '2019-06-27 17:17:25', '2019-06-27 17:18:10'),
(1062, '2019-04-29', 1006, 1121, 1007, 'inactive', '2019-05-29', 'end_of_contract', '2019-04-29', '2019-05-29', 'short_term', 14, 300, NULL, NULL, '2019-06-27 17:23:31', '2019-06-27 17:24:13'),
(1063, '2018-12-07', 1005, 1122, 1006, 'active', NULL, NULL, '2018-12-07', '2019-07-07', 'long_term', NULL, NULL, NULL, NULL, '2019-06-27 17:30:03', '2019-06-27 17:30:03'),
(1064, '2018-04-30', 1005, 1126, 1006, 'inactive', '2019-04-30', 'end_of_contract', '2018-04-30', '2019-04-30', 'long_term', NULL, NULL, NULL, NULL, '2019-06-27 17:39:52', '2019-06-27 17:39:52'),
(1065, '2018-11-27', 1018, 1131, 1023, 'inactive', '2019-02-27', 'end_of_contract', '2018-11-27', '2019-02-27', 'short_term', NULL, NULL, 11, 215, '2019-06-27 17:57:00', '2019-06-27 17:58:49'),
(1066, '2019-04-30', 1018, 1132, 1023, 'active', NULL, NULL, '2019-04-30', '2019-12-30', 'long_term', 12, 216, NULL, NULL, '2019-06-27 18:03:22', '2019-06-27 18:04:07'),
(1067, '2017-10-14', 1009, 1136, 1013, 'inactive', '2017-10-16', 'end_of_contract', '2017-10-14', '2017-10-16', 'transient', 139, 12, 140, 26, '2019-06-27 18:16:24', '2019-06-27 18:17:41'),
(1068, '2017-10-24', 1009, 1141, 1013, 'inactive', '2017-10-25', 'end_of_contract', '2017-10-24', '2017-10-25', 'transient', 140, 16, 141, 21, '2019-06-27 18:24:10', '2019-06-27 18:25:08'),
(1069, '2017-11-13', 1009, 1146, 1013, 'inactive', '2017-11-16', 'end_of_contract', '2017-11-13', '2017-11-16', 'transient', 142, 26, 143, 39, '2019-06-27 18:28:49', '2019-06-27 18:29:45'),
(1070, '2017-11-18', 1009, 1152, 1013, 'inactive', '2017-11-19', 'end_of_contract', '2017-11-18', '2017-11-19', 'transient', 144, 40, 144, 42, '2019-06-27 18:36:51', '2019-06-27 18:37:56'),
(1071, '2018-01-06', 1009, 1156, 1013, 'inactive', '2018-01-07', 'end_of_contract', '2018-01-06', '2018-01-07', 'transient', 149, 76, 149, 84, '2019-06-27 18:43:08', '2019-06-27 18:45:23'),
(1072, '2018-08-28', 1009, 1157, 1013, 'active', NULL, NULL, '2018-08-28', '2019-08-28', 'long_term', NULL, NULL, NULL, NULL, '2019-06-27 18:48:57', '2019-06-27 18:48:57'),
(1073, '2017-03-12', 1010, 1160, 1015, 'inactive', '2017-09-12', 'end_of_contract', '2017-03-12', '2017-09-12', 'long_term', NULL, NULL, NULL, NULL, '2019-06-27 18:55:29', '2019-06-27 18:55:29'),
(1074, '2018-03-29', 1010, 1163, 1015, 'inactive', '2018-03-30', 'end_of_contract', '2018-03-29', '2018-03-30', 'transient', 5752, 297, 5757, 298, '2019-06-27 19:05:54', '2019-06-27 19:10:55'),
(1075, '2018-08-18', 1010, 1169, 1013, 'active', NULL, NULL, '2018-08-18', '2019-08-18', 'long_term', NULL, NULL, NULL, NULL, '2019-06-27 19:16:09', '2019-06-27 19:26:43'),
(1076, '2018-12-07', 1013, 1122, 1018, 'active', NULL, NULL, '2018-12-07', '2019-07-07', 'long_term', NULL, NULL, NULL, NULL, '2019-06-27 19:36:42', '2019-06-27 19:36:42'),
(1077, '2018-02-03', 1015, 1170, 1020, 'inactive', '2018-02-04', 'end_of_contract', '2018-02-03', '2018-02-04', 'transient', NULL, NULL, NULL, NULL, '2019-06-27 19:46:36', '2019-06-27 19:46:36'),
(1078, '2018-01-14', 1015, 1177, 1020, 'inactive', '2018-01-16', 'end_of_contract', '2018-01-14', '2018-01-16', 'transient', NULL, NULL, NULL, NULL, '2019-06-27 19:56:25', '2019-06-27 19:56:25'),
(1079, '2018-02-16', 1015, 1180, 1020, 'inactive', '2018-02-18', 'end_of_contract', '2018-02-16', '2018-02-18', 'transient', 25, 2217, NULL, NULL, '2019-06-27 20:02:27', '2019-06-27 20:03:31'),
(1080, '2018-09-08', 1015, 1117, 1020, 'active', NULL, NULL, '2018-09-08', '2019-09-07', 'long_term', NULL, NULL, NULL, NULL, '2019-06-27 20:09:16', '2019-06-27 20:09:16'),
(1081, '2018-02-13', 1011, 1181, 1016, 'inactive', '2018-02-13', 'end_of_contract', '2018-02-13', '2018-02-13', 'transient', NULL, NULL, NULL, NULL, '2019-06-27 22:05:23', '2019-06-27 22:05:23');

-- --------------------------------------------------------

--
-- Table structure for table `users`
--

DROP TABLE IF EXISTS `users`;
CREATE TABLE IF NOT EXISTS `users` (
  `user_id` int(10) UNSIGNED NOT NULL AUTO_INCREMENT,
  `name` varchar(191) COLLATE utf8mb4_unicode_ci NOT NULL,
  `email` varchar(191) COLLATE utf8mb4_unicode_ci NOT NULL,
  `password` varchar(191) COLLATE utf8mb4_unicode_ci NOT NULL,
  `privilege` varchar(191) COLLATE utf8mb4_unicode_ci NOT NULL,
  `user_resident_id` int(10) UNSIGNED DEFAULT NULL,
  `user_owner_id` int(10) UNSIGNED DEFAULT NULL,
  `remember_token` varchar(100) COLLATE utf8mb4_unicode_ci DEFAULT NULL,
  `created_at` timestamp NULL DEFAULT NULL,
  `updated_at` timestamp NULL DEFAULT NULL,
  PRIMARY KEY (`user_id`),
  UNIQUE KEY `users_email_unique` (`email`),
  KEY `users_user_resident_id_foreign` (`user_resident_id`),
  KEY `users_user_owner_id_foreign` (`user_owner_id`)
) ENGINE=MyISAM AUTO_INCREMENT=1189 DEFAULT CHARSET=utf8mb4 COLLATE=utf8mb4_unicode_ci;

--
-- Dumping data for table `users`
--

INSERT INTO `users` (`user_id`, `name`, `email`, `password`, `privilege`, `user_resident_id`, `user_owner_id`, `remember_token`, `created_at`, `updated_at`) VALUES
(1005, 'Landley Bernardo', 'lmbernardo@slu.edu.ph', '$2y$10$ezsepllYr9aVYhaK.OcLUeekJqrNnMzY02oM38ATheWBnqZEhf6vC', 'admin', NULL, NULL, NULL, '2019-06-17 22:30:33', '2019-06-17 22:30:33'),
(1006, 'Violeta King', 'evrolpindo@yahoo.com.ph', '$2y$10$oNRrFhPKsGbrtX.NGoSM8e3KqFrR7ZuV4espjWhPtOAH9DYPGF.Hi', 'owner', NULL, 1003, NULL, '2019-06-18 06:44:06', '2019-06-18 06:44:06'),
(1003, 'Jessie Amangyen', 'verone_1817@yahoo.com', '$2y$10$h/QNaJmHuz1eM.NsT1lRCuM17zw6Z7SOprcwRXCi.rpcRh.8RU7C.', 'owner', NULL, 1002, NULL, '2019-06-17 19:02:57', '2019-06-17 19:02:57'),
(1045, 'Jennifer Salangsang', 'jenbsalangsang@yahoo.com', '$2y$10$VS6pTs7km2EwVgToQcHe5OkBxPJPL0SumK8t1YrxNICR4CYeqnqK.', 'owner', NULL, 1024, NULL, '2019-06-24 21:35:15', '2019-06-24 21:35:15'),
(1046, 'Ma Emma Aguimbag', 'emma.aguimbag@metrobank.com.ph', '$2y$10$UnrLB5kCyaSUiU74LfEWveubHbUStwv0px0lY.nwNzOwe40ZPUDuy', 'owner', NULL, 1025, NULL, '2019-06-24 21:43:16', '2019-06-24 21:43:16'),
(1020, 'Carina Castillo', 'katzcaslle71@gmail.com', '$2y$10$nB7Lyq96WXv1u45QxPS63uRdduYGZ.Y2rEnajTUUQ.yPx7yo7FZhi', 'owner', NULL, 1005, NULL, '2019-06-19 01:06:06', '2019-06-19 01:06:06'),
(1047, 'Mariel Chavez', 'marielchavez777@yahoo.com', '$2y$10$VU7RL9HUsCbUfk.I1tGsiuMSoasvrCwcwsmOt9Y9JUsvjjmf3I3Oy', 'owner', NULL, 1026, NULL, '2019-06-24 21:45:42', '2019-06-24 21:45:42'),
(1018, 'Kenneth Lu', 'ngal101958@gmail.com', '$2y$10$ZbxhuI24H63Fih4PhYimi.Pkq67j0RJfVkqt/.A86UtlvJitEDL6y', 'owner', NULL, 1004, NULL, '2019-06-19 00:18:07', '2019-06-19 00:18:07'),
(1022, 'Perlita Martinez', 'DIANA717@YAHOO.COM', '$2y$10$JS7aIVpt4cV0Bh4.w4r.oezfOmK3N.X5OAXN.83iQl1EsdLvhrb82', 'owner', NULL, 1006, NULL, '2019-06-21 00:00:54', '2019-06-21 00:00:54'),
(1023, 'MARY GRACE AQUINO', 'MARYGRACEAQUNIO@ICLOUD.COM', '$2y$10$eGzl3cxST1lJisEYW.j3tOnf/N.9zdIXwcazNxea6.yQMFqXKm0z2', 'owner', NULL, 1007, NULL, '2019-06-21 00:20:20', '2019-06-21 00:20:20'),
(1024, 'MILAGROS ANCHETA', 'noemailadress1008@marthaservices.com', '$2y$10$UyApUDK5pgi9owQKST5zL.tvg3G7N.tTGuNvuByyrrzEBYL.44MzG', 'owner', NULL, 1008, NULL, '2019-06-21 00:22:44', '2019-06-21 00:22:44'),
(1025, 'MANUEL ANCHETA', 'noemailadress1009@marthaservices.com', '$2y$10$dB/vStxmBNx/1eEJN5Cm5O7a5HEAMvaOOU9yu6RALEeg6/rWt//c2', 'owner', NULL, 1009, NULL, '2019-06-21 00:24:21', '2019-06-21 00:24:21'),
(1026, 'GRACE ARCHOG', 'ARNELGRACE24@GMAIL.COM', '$2y$10$c9sgJOmxbfO0Np.Ny1EKhOB35wfpiUp2k1pU31mtrH3DB0a92ragi', 'owner', NULL, 1010, NULL, '2019-06-21 00:26:56', '2019-06-21 00:26:56'),
(1028, 'ISAEL BASILIO', 'ISAEL.BASILIO20@GMAIL.COM', '$2y$10$VybvhDviU7c9rtZTxwI4.eyizrAo88FujNoXD/INuO8hQYLLA7Aqe', 'owner', NULL, 1012, NULL, '2019-06-21 00:31:38', '2019-06-21 00:31:38'),
(1029, 'JANE BASILIO', 'noemailadress1013@marthaservices.com', '$2y$10$SY9FqLoMoCYLK4anMa6Uq.EDGaH.tsEVdOn3VvNLoQKw8pGbYy7bS', 'owner', NULL, 1013, NULL, '2019-06-21 00:37:48', '2019-06-21 00:37:48'),
(1030, 'JAMES DYSON', 'dellydizon@yahoo.com', '$2y$10$yYiwRCuaBYtfHX9ZDB6FT.OQJWbhWsBzN27TYfXvenhkH4P9EEP4a', 'owner', NULL, 1014, NULL, '2019-06-21 00:38:56', '2019-06-21 00:38:56'),
(1031, 'FLORDELIZA DYSON', 'noemailadress1015@marthaservices.com', '$2y$10$tPxBzW7nqlgZJ4Wuk1t1YeoE2CbIBDpw7iDloPcPonKacdm/D79E.', 'owner', NULL, 1015, NULL, '2019-06-21 00:39:42', '2019-06-21 00:39:42'),
(1032, 'NENITA PATTAO', 'noemailadress1016@marthaservices.com', '$2y$10$JlElCGN3S6jYA3x8H15utO8uEf7OWBiitDU6060BYAou3Jr1rVt6K', 'owner', NULL, 1016, NULL, '2019-06-21 00:40:38', '2019-06-21 00:40:38'),
(1033, 'DORIS AARAS', 'daaras@ous-hf.no', '$2y$10$DsSaVmHA1Fi2QGiLFPNcLuaw.By0PYuIKQKh7HzcogEdcnx7TnvWu', 'owner', NULL, 1017, NULL, '2019-06-21 00:41:41', '2019-06-21 00:41:41'),
(1034, 'EDNA LIBAGO', 'grace.ed2238@yahoo.com', '$2y$10$V7mwRdTtJOVBg.EOZBnzueLfOspCXESPL.rdFJ6XUiADq3BNNlBEG', 'owner', NULL, 1018, NULL, '2019-06-21 00:43:05', '2019-06-21 00:43:05'),
(1035, 'JOHN MACLI-ING', 'joverlyn.espejo@gmail.com', '$2y$10$3zL.SpZDzF0sYkZNMjBVmO5LXOdQ6hyz1dTSdpcAsm0AmGm1F.HS.', 'owner', NULL, 1019, NULL, '2019-06-21 00:44:27', '2019-06-21 00:44:27'),
(1036, 'JOSEFINA KIMURA', 'noemailadress1020@marthaservices.com', '$2y$10$VVGnixwn6CSYEM45CgIetOQPn/jiuhU7FMIScmZugtqr79E0SPLfG', 'owner', NULL, 1020, NULL, '2019-06-21 00:47:30', '2019-06-21 00:47:30'),
(1037, 'ROSEL SARMIENTO', 'rosel.g.sarmiento@gmail.com', '$2y$10$tuHghbJ177d93ME4hhhV/ek.eBiUzqzJSadWgB3IngiVnNZ/hTmcq', 'owner', NULL, 1021, NULL, '2019-06-21 00:54:35', '2019-06-21 00:54:35'),
(1038, 'KAREEN MELENDRE TILA', 'ayessa_2@yahoo.com', '$2y$10$a5Y63ZtoYVMfWvqF5hIgdO4gMkaR64aEOvv3qW4U9YqBRt1bjsxDW', 'owner', NULL, 1022, NULL, '2019-06-21 00:56:08', '2019-06-21 00:56:08'),
(1039, 'MARIA FLORENCIA CAPULONG', 'capulongflor@yahoo.com', '$2y$10$MAUIbkkXzHfKbEBhMsasAu0vAlJCixkw0q.4JAn/VoqSjgU4Cvea6', 'owner', NULL, 1023, NULL, '2019-06-21 00:58:35', '2019-06-21 00:58:35'),
(1048, 'Jennifer Chua', 'jennchua.jc@gmail.com/cream_bulak@yahoo.com', '$2y$10$luBTyW31mnAg4LEYlETZ5ewSjIvvi91/4l.TMskvCWQr4jHjUUN4C', 'owner', NULL, 1027, NULL, '2019-06-24 21:47:48', '2019-06-24 21:47:48'),
(1049, 'Honoratoe Adag', 'adagsky_honorato@yahoo.com/annabeladag@yahoo.com', '$2y$10$9TAtwC8THhKyPWQaUMIW/eNAHRopGj.zKGyfdELqZdBBr0Sd00BWe', 'owner', NULL, 1028, NULL, '2019-06-24 21:52:28', '2019-06-24 21:52:28'),
(1053, 'Manolito Chavez', 'manolito_chavez@yahoo.com', '$2y$10$mQxgabE/xBfLrPTEb4dqLOUl/d2vxDqUHDJ6/T43FAa7zmlqYTiRy', 'owner', NULL, 1032, NULL, '2019-06-24 22:16:33', '2019-06-24 22:16:33'),
(1052, 'Nancy Ong', 'noemailadress1031@marthaservices.com', '$2y$10$OhBRO/d0pfk.mV2.g//QfeWNAZ8CKvJvdyrj5CY9alNH7AXrFIXJK', 'owner', NULL, 1031, NULL, '2019-06-24 22:12:32', '2019-06-24 22:12:32'),
(1054, 'Allan Inde', 'allan.indie@yahoo.com.sg', '$2y$10$aW2T0VwRUhITbD8SACn8M.CezW4TzA6Hq6aUmuEWaKlITWKn4d1Kq', 'owner', NULL, 1033, NULL, '2019-06-24 22:20:18', '2019-06-24 22:20:18'),
(1055, 'Leo Oasay', 'leooasay@guam.net;leooasay@gmail.com', '$2y$10$IsnS8tUC3soVMIot35BtguOznRB3fHOIRPMtPUGHG3N/SSwT7K6bq', 'owner', NULL, 1034, NULL, '2019-06-24 22:22:54', '2019-06-24 22:22:54'),
(1056, 'Joemel Kylle M. Pascua', 'pascuajoemel22@gmail.com', '$2y$10$mkrdB9edF.duBdEn7z9MOexU5zPCJ1TXAUCeCPbNzuBgJSbeiZKYO', 'leasingOfficer', NULL, NULL, NULL, '2019-06-25 12:04:05', '2019-06-25 12:04:05'),
(1057, 'Gomi', 'Gomidashmoba@marthaservices.com', '$2y$10$wUizTZufKQ08EAD8fm.fbuG82m3eRx.ZgnxBReLjhgpy6YuWNhM3y', 'leasingOfficer', NULL, NULL, NULL, '2019-06-25 12:20:24', '2019-06-25 12:20:24'),
(1059, 'Ailene Salvador', 'ailene_lacaste@yahoo.com', '$2y$10$2HIRtS/lYtsn20RbjzO8X.E6nY0Xjty.XDgNtm0C53b4AFz6DKmbe', 'resident', 1035, NULL, NULL, '2019-06-26 00:56:39', '2019-06-26 00:56:39'),
(1060, 'Hazel Mae Doria', 'hazel051490@yahoo.com', '$2y$10$tPDJyXRKCXa1O1r8GGmN2u54zdtzmXoy3hUfNi2s4ntYSehOLBYFO', 'resident', 1041, NULL, NULL, '2019-06-26 01:09:00', '2019-06-26 01:09:00'),
(1061, 'Necie Taringting', 'neciegombataringting@gmail.com', '$2y$10$geWUHu/8/33B8d5bszOuP.P/0g6gQjaWilGWWYZgl.F6IaDtUJhjG', 'resident', 1042, NULL, NULL, '2019-06-26 01:17:02', '2019-06-26 01:17:02'),
(1062, 'JoemelPascua', '2165264@slu.edu.ph', '$2y$10$2sneOPAEjkV4wxkECCo8Z.fbltp3zoluDC5r.tKHTKwnZVfNr3rny', 'leasingOfficer', NULL, NULL, NULL, '2019-06-26 17:38:12', '2019-06-26 17:38:12'),
(1063, 'Guilas Kimberly Ann', 'kimgls@icloud.com', '$2y$10$MsXu8yQLHZHvgir8Y30IIeqvMTzsr.WWQeaqG7NXCgZw/2Nm6xyRy', 'resident', 1043, NULL, NULL, '2019-06-26 17:58:29', '2019-06-26 17:58:29'),
(1064, 'C/O Goshen N/A', 'noemailadress1047@marthaservices.com', '$2y$10$uvBM/.wREFvP3rUMgpPHG.wnV1AphztbIm03UtI05rNX/doc9vWFy', 'resident', 1047, NULL, NULL, '2019-06-26 18:18:29', '2019-06-26 18:18:29'),
(1065, 'Azel Rizza Garcia', 'angzel_rizza@yahoo.com', '$2y$10$/yVb4J0at4FhLqhCXRGfJOexNxzKbdt1VJWIOwmYtJB3JfH5GWJy2', 'resident', 1048, NULL, NULL, '2019-06-26 18:34:36', '2019-06-26 18:34:36'),
(1066, 'Harte Lorenz Gayman', 'Hartelorenzgat@gmail.com', '$2y$10$NKTReLzouePA1Xnrv/9JyeOFUSGwFXl7flBSalDqfKEPSOV9AtWTi', 'resident', 1049, NULL, NULL, '2019-06-26 18:50:25', '2019-06-26 18:50:25'),
(1067, 'Kristoffer Ray Suza', 'noemailadress1050@marthaservices.com', '$2y$10$24QOCWFDl/KaVdOnC4CJ2OWyPU9n84PAW8bzsOTdDIVqx11RrbvTq', 'resident', 1050, NULL, NULL, '2019-06-26 19:04:33', '2019-06-26 19:04:33'),
(1068, 'Cyrah Rama', 'noemailadress1051@marthaservices.com', '$2y$10$lr6Ijv6kHgaBAjKB5z45.ujj9XVfawqMXINQeBAlliv6wKyPO7vLO', 'resident', 1051, NULL, NULL, '2019-06-26 19:40:59', '2019-06-26 19:40:59'),
(1069, 'Vina Ivory Mabunga', 'noemailadress1052@marthaservices.com', '$2y$10$hBmkjbyy2CZSTR.lXnYqa.Z4lW2uOWIbQIGEZZ7u7/kzb6QUK0EdC', 'resident', 1052, NULL, NULL, '2019-06-26 19:56:33', '2019-06-26 19:56:33'),
(1070, 'Harvey', 'harveychua9@gmail.com', '$2y$10$KomUks2kD80Ih4DBOh4IRuK4EaecNLUcxTX/s.EK0EQbQQqBS4w1.', 'leasingOfficer', NULL, NULL, 'UOw6MHtn2CpRpDpmy4fZDf0gAMv2cR9FyNBnooShAcggQL5FGBWKvAfUMiEr', '2019-06-26 21:17:40', '2019-06-26 21:17:40'),
(1071, 'Gilbert Gonzales', 'gib-gonzales', '$2y$10$12MJ67eNX32YX9YcYGN1N.Gta.AEIZb0hq5JKMeOvM0WHvtyFzMju', 'resident', 1053, NULL, NULL, '2019-06-26 21:26:05', '2019-06-26 21:26:05'),
(1072, 'Basilisa Infante', 'bassylisav@gmail.com', '$2y$10$rW16wBFYNrn/pkyGdD8xGuXw5.hRsLcEbv0B29aXwO6F7xI5jzZ8.', 'resident', 1054, NULL, NULL, '2019-06-26 21:45:34', '2019-06-26 21:45:34'),
(1073, 'Princess Clarize Macabales', 'cessmacabales@gmail.com', '$2y$10$punkIQKsBAtqGxULySPvre3bgDIuKPiPsn0n1nikrFmteOkTtYb26', 'resident', 1058, NULL, NULL, '2019-06-26 21:58:40', '2019-06-26 21:58:40'),
(1074, 'VI-Amor/Bambi Dayrit', 'viaramday@yaahoo.com', '$2y$10$M5TXgD8yu7pLP75BZ4fJkuaTc8YDmDcxeYFAuVjziUN77MZFHJvkO', 'resident', 1059, NULL, NULL, '2019-06-26 22:07:33', '2019-06-26 22:07:33'),
(1075, 'Fawaz Alahmadi', 'noemailadress1064@marthaservices.com', '$2y$10$A33RtTzZHvb0maHzSzdG7O/vuVLvlohFhhNAPJRGMj.LsM2BNGf7W', 'resident', 1064, NULL, NULL, '2019-06-26 22:33:24', '2019-06-26 22:33:24'),
(1076, 'Khalid Mousa Alammari', 'noemailadress1065@marthaservices.com', '$2y$10$2/rYcsUHXSN8CpuFCPDhuOxi30TNDNVhjMucqss8ORTTrkJCj14eC', 'resident', 1065, NULL, NULL, '2019-06-26 22:41:31', '2019-06-26 22:41:31'),
(1077, 'Angeline Piñera', 'cloudygel1990@gmail.com', '$2y$10$Cf4PiV0yxMvMHzFCtx2h6u29Tjh3z6IghJUYSVxuPLv4PiGRKAR0e', 'resident', 1068, NULL, NULL, '2019-06-26 22:53:02', '2019-06-26 22:53:02'),
(1078, 'Winalyn Litilit', 'winlnz630@yahoo.com', '$2y$10$0rzHNYBxCdXdn/X2T8R5HeFhyh1nK2kwt9qQ1T2TyFU8AfeR0wLTe', 'owner', NULL, 1035, NULL, '2019-06-26 23:22:27', '2019-06-26 23:22:27'),
(1079, 'Jason Dela Cruz', 'doc.jason@mc.com', '$2y$10$Znj/Z57/X51nan3ef3Lf6uQW9IIg8ItjOH9BljA/TQNtKjBsi05Q.', 'resident', 1071, NULL, NULL, '2019-06-26 23:40:56', '2019-06-26 23:40:56'),
(1080, 'Maricel Caballero', 'ycell@yahoo.com', '$2y$10$WhNComkikjVJ4SDb3x.xEObS4OMrbHMpP3lXBrSnVAdgA0XofBq.G', 'resident', 1072, NULL, NULL, '2019-06-26 23:45:17', '2019-06-26 23:45:17'),
(1081, 'E. Joy Dominado', 'joygdominado@gmail.com', '$2y$10$1iYve30OW55R7xSgdMxYC.CE9kksjz5wZ.n6d2IuE.xLDlY51VwtW', 'resident', 1074, NULL, NULL, '2019-06-27 00:00:01', '2019-06-27 00:00:01'),
(1082, 'Shiela Anosu', 'noemailadress1075@marthaservices.com', '$2y$10$EF2Rjx7C.1UCZiTQuTSMf.4h4TSOn7ZQaAZx5Vsmw4ueMpfCeQYBi', 'resident', 1075, NULL, NULL, '2019-06-27 00:04:40', '2019-06-27 00:04:40'),
(1083, 'Lyndon Manlangit', 'lyndon.manlangit@yahoo.com', '$2y$10$.MqZ2IPH/VlnaFoCP1cUveZZF1ljpUY6A8KnZqPzK1SWtU5QGfCZa', 'resident', 1076, NULL, NULL, '2019-06-27 00:13:50', '2019-06-27 00:13:50'),
(1084, 'Nikki Ross Dizon', 'nikkirossdizon@gmail.com', '$2y$10$8efyzPWwaz.gFxcQBv3VrOoG44hfJSlXiItf7BYbaBMgyiAuOeWQW', 'resident', 1078, NULL, NULL, '2019-06-27 00:19:38', '2019-06-27 00:19:38'),
(1085, 'Maria Belen', 'bbelen619@gmail.com', '$2y$10$fgl91NzSmaXedWp/QNQj9O2ynwA6lUqSG0Guf4Wu.SLkN9F6dZd0y', 'resident', 1084, NULL, NULL, '2019-06-27 00:26:34', '2019-06-27 00:26:34'),
(1086, 'Maricel Cabugao', 'noemailadress1089@marthaservices.com', '$2y$10$RGv0EA6XNSA0V11cZuxaM.iRm8Lp4Fnzw2HluX5iB/pUr.zgggnEW', 'resident', 1089, NULL, NULL, '2019-06-27 00:39:12', '2019-06-27 00:39:12'),
(1087, 'Ray Fernando', 'raydcfernando@yahoo.com', '$2y$10$LzPGt8GGpwTepNj5wWaR3.KNeAsbiuR31oKLzjcFwZfulOKpRDJ7m', 'resident', 1090, NULL, NULL, '2019-06-27 00:41:02', '2019-06-27 00:41:02'),
(1088, 'Juvy Rivera', 'noemailadress1093@marthaservices.com', '$2y$10$mkxpWMe0ZJhRFKLWZAv5Y.bHs56OrkLzaDCHW56mWb1elNxvF5Yqi', 'resident', 1093, NULL, NULL, '2019-06-27 00:47:27', '2019-06-27 00:47:27'),
(1089, 'Rizaldy Relativo', 'rbgser@gmail.com', '$2y$10$0VG3d40A6VLS59zl0IBL4eHfJZJfb1rnRLvUGA1P2eQANKaNqMF6G', 'resident', 1100, NULL, NULL, '2019-06-27 01:18:01', '2019-06-27 01:18:01'),
(1090, 'Leo Ethelbert Delos Trinos', 'ifdelostrinos@yahoo.com', '$2y$10$nsXQH6hvwggQ5YxbhV1ifefoooxB/BirGUn6ZXzblOfQqwOtnukUy', 'resident', 1109, NULL, NULL, '2019-06-27 16:31:54', '2019-06-27 16:31:54'),
(1091, 'Monica Del Castillo', 'monica_delcastillo@dlsu.edu.ph', '$2y$10$mRy.pdPj.oMGi9g2ElwyvOipaxgc7ypvGBfs0730s5cHLp1it9PQG', 'resident', 1114, NULL, NULL, '2019-06-27 16:47:09', '2019-06-27 16:47:09'),
(1092, 'Noresa Bayado', 'morezkim369@gmail,com', '$2y$10$0zB/gb08ee2aeB1zNRk7seJJp4C0hCfE/Isx0ZrfI1oAmijDVHMwu', 'resident', 1117, NULL, NULL, '2019-06-27 16:56:10', '2019-06-27 16:56:10'),
(1093, 'Aeriel Bayani', 'noemailadress1119@marthaservices.com', '$2y$10$OiVV9TBYdkx56IZmRrNE.e5FFbSRa6T3ZakgFApGlR22rkETm.hJW', 'resident', 1119, NULL, NULL, '2019-06-27 17:08:19', '2019-06-27 17:08:19'),
(1094, 'Marilyn Balacdao', 'marilynbalacdao@gmail.com', '$2y$10$rgz0LDEr8WrZaVQZQ..BnuY2fuAwW/rKzW..D9SJQpXn7DB5QOeMC', 'resident', 1120, NULL, NULL, '2019-06-27 17:17:25', '2019-06-27 17:17:25'),
(1095, 'Ivy Lita Baguitan', 'baguitan.ivylita@gmail.com', '$2y$10$TooXanzZ0sT6vuY28ZoC.uvcQ94hwc8lCmdLPDY9Adfsk5stycocK', 'resident', 1121, NULL, NULL, '2019-06-27 17:23:31', '2019-06-27 17:23:31'),
(1096, 'Mark Lascano', 'Lascanomark@gmail.com', '$2y$10$VX0IH6jk9W0KTPcnku5EVOY1sweayCaaj2haFolkdAwWjO2nw7P4i', 'resident', 1122, NULL, NULL, '2019-06-27 17:30:03', '2019-06-27 17:30:03'),
(1097, 'Arizala Susan', 'danito.arizala@gmail.com', '$2y$10$4K.pIHJgQlTFJR5dE.NosO0r1tiKBrmnkBdzcLqBObiQ3EVDnUv46', 'resident', 1126, NULL, NULL, '2019-06-27 17:39:52', '2019-06-27 17:39:52'),
(1098, 'Rayan Yagnmour', 'princerayan.ry24@gmail.com', '$2y$10$aMIaDnbaewJGYO/EL3MC8OXWJjZkGVnJGx6gHrtr/Ijt56Spf1AH2', 'resident', 1131, NULL, NULL, '2019-06-27 17:57:00', '2019-06-27 17:57:00'),
(1099, 'Nathaniel Ramos', 'nathanielbramos@gmail.com', '$2y$10$sQGNCdttd5k3LpJJDtbgTOQPucOq3b50uwyY8Kv0NmLTAIkS2YNDi', 'resident', 1132, NULL, NULL, '2019-06-27 18:03:22', '2019-06-27 18:03:22'),
(1100, 'Arleen Fatton', 'leasingassist@marthaservices.com', '$2y$10$liRAt/.42eomlODgzh3lFe6ZwQj31g8f1i5hppIN35OPBIobQUA1y', 'leasingOfficer', NULL, NULL, NULL, '2019-06-27 18:11:14', '2019-06-27 18:11:14'),
(1101, 'Archie Ogbinar', 'noemailadress1136@marthaservices.com', '$2y$10$5BmEgiR0l9k/5Qz3GDa6kuezMOIW1RBQKLukbeei5haA6Lu..wfNi', 'resident', 1136, NULL, NULL, '2019-06-27 18:16:24', '2019-06-27 18:16:24'),
(1102, 'Fhillip Rey Felipe', 'noemailadress1141@marthaservices.com', '$2y$10$PyyFTNC9WDk4YutErdoe1.X2QoxUuXldNtRIGkfjySuK3PPgNwmr6', 'resident', 1141, NULL, NULL, '2019-06-27 18:24:10', '2019-06-27 18:24:10'),
(1103, 'Maria Veronica Sanchez', 'noemailadress1146@marthaservices.com', '$2y$10$sigL3QD6BbXysXZ7Wi.pjOAU1nVqhp/Ia36hj8LyfNNv1p0W0Oyk2', 'resident', 1146, NULL, NULL, '2019-06-27 18:28:49', '2019-06-27 18:28:49'),
(1104, 'Maria Jocelyn Añonuevo', 'noemailadress1152@marthaservices.com', '$2y$10$eugL55zCUCnnXWinzavyN.9pc8Ml8cvM6PVrRPkRR.uAkSCZF6slO', 'resident', 1152, NULL, NULL, '2019-06-27 18:36:51', '2019-06-27 18:36:51'),
(1105, 'Jhayne Lomibao', 'nyelomibae@yahoo.com', '$2y$10$V8T6LF.IqsOD4MagztXvo.rV3MWf40biKhOTYDmq3/zG8I9Lt9VH.', 'resident', 1156, NULL, NULL, '2019-06-27 18:43:08', '2019-06-27 18:43:08'),
(1106, 'Martin Clark Nool', 'christian.canlas9.cc64@gmail.com', '$2y$10$qKcmEbPpormr4Ff4Gbl8xeMxg7NA7VBvXEE/OJ65ibdpAP73BS5b6', 'resident', 1157, NULL, NULL, '2019-06-27 18:48:57', '2019-06-27 18:48:57'),
(1107, 'Soo Chul Chun', 'richardchun@gmail.com', '$2y$10$F0dIxvtuhTUCymUXjtP86OdPi83FKIYVB7IDcG6PrweMtGVPJN7RO', 'resident', 1160, NULL, NULL, '2019-06-27 18:55:29', '2019-06-27 18:55:29'),
(1108, 'Gemma6 Amolat', 'gemmadavid2028@yahoo.com', '$2y$10$u2ER9cRPJu4kqSUfQIaRief2OD/mAS5ZDHt2xKTcgGSWQ/Mny1q2m', 'resident', 1163, NULL, NULL, '2019-06-27 19:05:54', '2019-06-27 19:05:54'),
(1109, 'Marisa Alfara', 'marisa_alfara@yahoo.com', '$2y$10$DNji9IIyEXhZuz9YRRkLXOauiwkKpdfx8jKKBnVfHvCWgOlGmf1Yi', 'resident', 1169, NULL, NULL, '2019-06-27 19:16:09', '2019-06-27 19:16:09'),
(1110, 'Sean Tabiola', 'sean.tabiola@gmail.com', '$2y$10$bCPkJdioNU5sslLhRUBStOxbdjvWuaYNYS5kSFknnu3DvFPuKZCJK', 'resident', 1170, NULL, NULL, '2019-06-27 19:46:36', '2019-06-27 19:46:36'),
(1111, 'Julieth Baquilar', 'jhaquilar@kfshre.edu.sa', '$2y$10$OKpyGjI/Tvm8TSEUn.Pz1.LHHeBUgd2MOLRmKncmxltFOeC7HM12m', 'resident', 1177, NULL, NULL, '2019-06-27 19:56:25', '2019-06-27 19:56:25'),
(1112, 'Amaboz Labrador', 'amobelrlabrador@gmail.com', '$2y$10$rppusur7e.K7UjYvyixzR.61aNs6uthMZ88C/7pEhhYJwxq7w0cda', 'resident', 1180, NULL, NULL, '2019-06-27 20:02:27', '2019-06-27 20:02:27'),
(1113, 'Danilo Loria', 'noemailadress1181@marthaservices.com', '$2y$10$zusmVvx221SEzOw3u5I/MedYZzUdbFQ/sLfzwiAzpxq0005BhVXKq', 'resident', 1181, NULL, NULL, '2019-06-27 22:05:22', '2019-06-27 22:05:22'),
(1114, 'Edward Kiat-ong', 'edwardkiatong@yahoo.com', '$2y$10$QQmoA/b5XWStf8EruxmcgufyaNp5DBBdad5Tq7SR2fDWESB1vjE.m', 'owner', NULL, 1036, NULL, '2019-06-27 23:13:35', '2019-06-27 23:13:35'),
(1115, 'FIÑONES ANISIA RIZALINDA BAGTANG', 'fanisiarizalinda@yahoo.com', '$2y$10$xCSiDjnFgPENVrSu5mf.z.PwANd7AZuZLT6jxNVsmrqAipaK6eiSa', 'owner', NULL, 1037, NULL, '2019-06-27 23:22:45', '2019-06-27 23:22:45'),
(1116, 'Gerardo Antonio Carcamo', 'lynna.torayo2@yahoo.com/k-b_constractionin@hotmail.com', '$2y$10$dcltJ0pdso2BdR7KxZ6/H.ekxi46M9rMtfAsAaxGKQgtftN0KSaXe', 'owner', NULL, 1038, NULL, '2019-06-27 23:28:18', '2019-06-27 23:28:18'),
(1117, 'Jesus Cabantac', 'noemailadress1039@marthaservices.com', '$2y$10$sbJJ0ovjok/4Pr2UTlQLN.wtHZRAPqSaBToTf5zvGvzla9JwOotHC', 'owner', NULL, 1039, NULL, '2019-06-27 23:33:15', '2019-06-27 23:33:15'),
(1118, 'Jayme Bugayong', 'mikee09au@gmail.com', '$2y$10$VhR3VqCfXxuBWFGtPQy2P.eJOSw9TkXYnh3OmZu3ICD0nVQtmYy8W', 'owner', NULL, 1040, NULL, '2019-06-27 23:52:17', '2019-06-27 23:52:17'),
(1119, 'Annie Cawi', 'edcablaw@yahoo.com', '$2y$10$w6jv/xhfZQMEVqEY6JVjAOFoDJkD0MuvCO7SNHXBVn8bs7aa8WeEu', 'owner', NULL, 1041, NULL, '2019-06-27 23:55:41', '2019-06-27 23:55:41'),
(1120, 'Roxy Grageda', 'crosswalk_723@yahoo.com', '$2y$10$ygrOnKD.Vlz/.Csy2uPhFuEQml6X2SAaZJVUz7XGs6mtDexkplb.W', 'owner', NULL, 1042, NULL, '2019-06-27 23:58:02', '2019-06-27 23:58:02'),
(1121, 'Virgilio Sumait', 'jijisumait@gmail.com', '$2y$10$lc6PLwcMStsS9euEltR/1eVSMaZ5R40qx4Tc..VNNj0XuynDobSHS', 'owner', NULL, 1043, NULL, '2019-06-28 00:00:45', '2019-06-28 00:00:45'),
(1122, 'Juliet Flores', 'noemailadress1044@marthaservices.com', '$2y$10$FsIqxfilyg7nV1fzCoioYui9CPzQTqV4q9owVVECY4I4UL/f4GwSW', 'owner', NULL, 1044, NULL, '2019-06-28 00:02:27', '2019-06-28 00:02:27'),
(1123, 'Jonathan Estrada', 'bongortho72@yahoo.com', '$2y$10$MlGJ1DaauQM7rALSGhf5ue3j92E520UtF3AJUNQ56eHMn5r3RKXBy', 'owner', NULL, 1045, NULL, '2019-06-28 00:07:24', '2019-06-28 00:07:24'),
(1124, 'Ma Concepcion Estrada', 'estradanathania05@gmail.com', '$2y$10$AGApDXM/f5wVTRbtcVRL/eAosK9mGvkvPRk8mW9f5K9/JyiLiv.re', 'owner', NULL, 1046, NULL, '2019-06-28 00:09:27', '2019-06-28 00:09:27'),
(1125, 'Adelia Reyes', 'gagz00143@gmail.com', '$2y$10$L5hs7zoVFfYvopVu46aUReJ2/nKoz9nogXJDe.hyOsU2rtx7IACKC', 'owner', NULL, 1047, NULL, '2019-06-28 00:13:51', '2019-06-28 00:13:51'),
(1126, 'Vermon De Guzman', 'verjigs@yahoo.com', '$2y$10$Qes.RYFIoySN0WZscWCTO.v4h.2vdPXbG9e/0C03xPMULAu/wl2CO', 'owner', NULL, 1048, NULL, '2019-06-28 00:16:33', '2019-06-28 00:16:33'),
(1127, 'Marjorie Galasgas', 'pijbelle@yahoo.com', '$2y$10$q/Vn357NjcHD5b.9Nd5vsuix5Zoqy5fD3u4pWa4d3ttCgf7Neoz42', 'owner', NULL, 1049, NULL, '2019-06-28 00:19:58', '2019-06-28 00:19:58'),
(1128, 'Melinda Capil', 'melindacapil2018@gmail.com.ph', '$2y$10$1j1zotmyIwKOsLgm6b.XF.c34gugMT.S2qvI35UmCbljhHKbfhUGC', 'owner', NULL, 1050, NULL, '2019-06-28 00:33:30', '2019-06-28 00:33:30'),
(1129, 'Randolph Malto', 'randymalto@yahoo.com', '$2y$10$dAdANbh2zKN4bWo2wPY7ou7mhe/E0zoDpKTSWAmzDR9LGgh1v0Unu', 'owner', NULL, 1051, NULL, '2019-06-28 00:36:33', '2019-06-28 00:36:33'),
(1130, 'Henry Aclipen', 'aclhen@yahoo.com;henryaclipen@dla.mil', '$2y$10$En9Srph46qVdJPfdF4wK9OXtu01M3vmraGBdbZS5uITl03HdYhvr2', 'owner', NULL, 1052, NULL, '2019-06-28 00:39:32', '2019-06-28 00:39:32'),
(1131, 'Irma Grace Eg-an', 'irmagraceegan@gmail.com;sunderaraj@stengg.com', '$2y$10$fbWeCPA6zBru6Bbz61xT8uc5B8.3Sabf4PRHU3wg4R24pKGkkZYLO', 'owner', NULL, 1053, NULL, '2019-06-28 00:42:25', '2019-06-28 00:42:25'),
(1132, 'Hazel Pitpit', 'im_hazel05@yahoo.com', '$2y$10$6GEwAmkwz1ROHK0pOkALnuYdzmzKQrp6uX2phm3qH56rqt.KeRZ/y', 'owner', NULL, 1054, NULL, '2019-06-28 00:44:34', '2019-06-28 00:44:34'),
(1133, 'Ceferino Mateo', 'ceferinomateo@gmail.com', '$2y$10$JegfKmYvcevDm0uKjTfzCeMG99Z7smYmUqFMAJZd/20CVDMrQlaAe', 'owner', NULL, 1055, NULL, '2019-06-28 00:47:58', '2019-06-28 00:47:58'),
(1134, 'Violeta Laugren', 'violetalovgren@yahoo.com', '$2y$10$6eT9.WIiX/X4cIXAMaAnHOeU.gRMhES36cQxuG.EiZn9bZ3.9tq8a', 'owner', NULL, 1056, NULL, '2019-06-28 00:54:38', '2019-06-28 00:54:38'),
(1135, 'ROMEL BAGTANG', 'bic_bagtang@yahoo.com', '$2y$10$HQE0i/rzbtEi.u5VfJjZZ.0szouc7TaZfzs8voEJHVK5fSHmObdoy', 'owner', NULL, 1057, NULL, '2019-06-28 01:01:15', '2019-06-28 01:01:15'),
(1136, 'MARIVIC BAGTANG', 'noemailadress1058@marthaservices.com', '$2y$10$XOGIe4D3IyY6Z3Xb5JXSEO8TJNTVnWg8dMAVx.8NunGb/ZmI/GEja', 'owner', NULL, 1058, NULL, '2019-06-28 01:03:33', '2019-06-28 01:03:33'),
(1137, 'Jeramie Bergonia', 'bergonia_jeramie@yahoo.com', '$2y$10$ZKTtuZrSn.lEB/XUO.R0veW8BGn9Y5mdf10/tFNEQUcbSVsPIabye', 'owner', NULL, 1059, NULL, '2019-06-28 01:06:17', '2019-06-28 01:06:17'),
(1138, 'Edna Dilinila', 'edina2006@sbcglobal.net;kristofferlee_dance@yahoo.com', '$2y$10$dovY0tS/vf6/fePdnM.ZnOyqUOqjAUTU7LW07NcwjzSpNQjQ.HAa6', 'owner', NULL, 1060, NULL, '2019-06-28 01:08:25', '2019-06-28 01:08:25'),
(1139, 'Mae Glicer Torres', 'denmae26@yahoo.com.ph', '$2y$10$RghFYx0RFGRSecoz3ytdQ.DMhgcNp/qgZ/ygYDsrnljHjkOIxDZSS', 'owner', NULL, 1061, NULL, '2019-06-28 01:11:04', '2019-06-28 01:11:04'),
(1140, 'Venus Marije', 'venus2602@gmail.com', '$2y$10$S6DFHazB/bAORsmLMstUtewOXOpyZmYcsl3Bep7HiNW0F1oCiHmMe', 'owner', NULL, 1062, NULL, '2019-06-28 19:20:26', '2019-06-28 19:20:26'),
(1141, 'Manuel Mora', 'manniemora@yahoo.com', '$2y$10$pQDF7o.uC06d7/Fcx./f2uZQbbKa5n5uLR0Xlz0FX2mrC9alc7Ake', 'owner', NULL, 1063, NULL, '2019-06-28 19:22:07', '2019-06-28 19:22:07'),
(1142, 'Romeo Lodia', 'vrlodia@att.net', '$2y$10$kGluz2jpiv2mzeAl4e5MxuLi1ai4gwUjAXWl0VuIhx0VsgFcUlMeG', 'owner', NULL, 1064, NULL, '2019-06-28 19:28:06', '2019-06-28 19:28:06'),
(1143, 'Violeta Lodia', 'noemailadress1066@marthaservices.com', '$2y$10$4ksJYlU7add80mJw/z.5QuQa0kC9ymtvnSyrXIhpYViLOvsZ7.2rW', 'owner', NULL, 1066, NULL, '2019-06-28 19:30:11', '2019-06-28 19:30:11'),
(1144, 'Mary Greal Jacildone', 'edjacildone@yahoo.com', '$2y$10$GwQj0NmZDZIKeDhGN8aqJ.C268At1HxHTRR3qmtE6wrKQSVzVTaYe', 'owner', NULL, 1067, NULL, '2019-06-28 19:33:38', '2019-06-28 19:33:38'),
(1145, 'Rosal Dilinila', 'noemailadress1068@marthaservices.com', '$2y$10$QtKFqFF.p36X9bNO./ell.Pos0bTG7MId/w13H56k3f.QT37w489O', 'owner', NULL, 1068, NULL, '2019-06-28 19:35:26', '2019-06-28 19:35:26'),
(1146, 'Marlyn Rimando', 'marlynvillanda10@gmail.com,', '$2y$10$n6m7vgxt56RcVhZzK/u.4uqTfExkzbgkPvDKMKAY/Z3al58S2JX2.', 'owner', NULL, 1069, NULL, '2019-06-28 19:37:12', '2019-06-28 19:37:12'),
(1147, 'Cherry Antonette Dumalsin', 'cheanndumalsin@gmail.com', '$2y$10$hwjdDKU9WMJLC6GwCtwG3uhmc7bgGSzFYCOuJnttYh1I08hHPGHLK', 'owner', NULL, 1070, NULL, '2019-06-28 19:38:54', '2019-06-28 19:38:54'),
(1148, 'Mark Jayson Reyes', 'markjaysonreyes@gmail.com', '$2y$10$yExSpdAsJPdTAlYndCM9ZOqCmgEvhtKFJwgkwJ/owtVPV.2xccf16', 'owner', NULL, 1071, NULL, '2019-06-28 19:42:03', '2019-06-28 19:42:03'),
(1149, 'DAIDA SAGULO', 'face_uluv88@yahoo.com', '$2y$10$VF1O7/nEZG.Q7tw1ylK98OBx56RHZIaQxEMpQHKNAN2r5m1Ht7Xbi', 'owner', NULL, 1072, NULL, '2019-06-28 19:46:42', '2019-06-28 19:46:42'),
(1150, 'Jane Palitayan', 'janepalitayan@gmail.com', '$2y$10$NgMCG5.I10sX2jK2WHS0OeEFwXcyo1ohIkutbaXpWKFQKMy/nZZcW', 'owner', NULL, 1073, NULL, '2019-06-28 19:48:43', '2019-06-28 19:48:43'),
(1151, 'Pamelorose Regis', 'pmrlabpoly@yahoo.com', '$2y$10$pzb6Lu7lgWWvvM4HEALnTeewuKNxUXBE/BiAsxkNgiHKC5ASX./NC', 'owner', NULL, 1074, NULL, '2019-06-28 19:50:44', '2019-06-28 19:50:44'),
(1152, 'Winston Agcon', 'winstonagcon@gmail.com', '$2y$10$Zk4LUtIXzDQFRcRfeYdwz.DQEYyCMnqqTubD1noUGEmXLTZf7ktw.', 'owner', NULL, 1075, NULL, '2019-06-28 20:37:21', '2019-06-28 20:37:21'),
(1153, 'Mary Ann Tiwanac', 'mary_ann21327@hotmail.com', '$2y$10$zYe4uSo28FuJ/0i.jidHYuxYc9s0vsEp5QG5iYYX0Mg5nEvWwPyZm', 'owner', NULL, 1076, NULL, '2019-06-28 20:39:07', '2019-06-28 20:39:07'),
(1154, 'Lory Garas', 'dr_garas@yahoo.com', '$2y$10$6m38V8vBVSwXM2mcOupu.e6JYSFeK7ffI2KUPFHYF1LcSsZ9LhTOi', 'owner', NULL, 1077, NULL, '2019-06-28 20:41:44', '2019-06-28 20:41:44'),
(1155, 'Stephanie Joy Rolusta', 'stephrolusta@gmail.com', '$2y$10$XW2nXGi1ubtyt4g8L0iD1OFLxskvXhlgZQFo0qiFeyEcqAJqt8Spm', 'owner', NULL, 1078, NULL, '2019-06-28 20:44:09', '2019-06-28 20:44:09'),
(1156, 'Orlando Asuncion', 'oasuncion_74@yahoo.com', '$2y$10$EJq7Z71BgynFk2qWNOUE6uNQeAon/DhKaVT6z1LpLzDOq7FHqu41.', 'owner', NULL, 1079, NULL, '2019-06-28 20:52:25', '2019-06-28 20:52:25'),
(1157, 'Min Jyong Suk', 'minjyongsuk.hanmail.net', '$2y$10$dlExikHCfMbh9lEOYU5Msu6y3YqjduAe7cw3lXWV2Xzhxvbiszvg2', 'owner', NULL, 1080, NULL, '2019-06-28 20:54:48', '2019-06-28 20:54:48'),
(1158, 'Vilma Tiwaken', 'vinztiwaken@yahoo.com', '$2y$10$pdukW.Er7qD6RR1OERvlU.WrrjfaZVmy95EjS16LmC/OZNo7er1g2', 'owner', NULL, 1081, NULL, '2019-06-28 20:58:11', '2019-06-28 20:58:11'),
(1159, 'Khalid Mubarak Lal Bakhsh', 'khalidjoe7@gmail.com', '$2y$10$XYxlQ0wyRd8NhxSNhGbuUuCIJF4xuo31d/j8CweFdrWyq6RtWtbe2', 'owner', NULL, 1082, NULL, '2019-06-28 21:00:12', '2019-06-28 21:00:12'),
(1160, 'Ferdinand Benbenen', 'noemailadress1083@marthaservices.com', '$2y$10$PzlMiP3xLF0vz.zsQnJF3OC/jeyY1yv63rpEGeLeFhBCGxp5mlHdW', 'owner', NULL, 1083, NULL, '2019-06-28 21:02:54', '2019-06-28 21:02:54'),
(1161, 'Cynthia Romero', 'abeerromero@gmail.com', '$2y$10$Ab20ytexqxls3NfbZ4vpnuGx.Qlvd5itYxp2RR/FPZOg6RSsrsOR2', 'owner', NULL, 1084, NULL, '2019-06-28 21:04:37', '2019-06-28 21:04:37'),
(1162, 'Arnold Pineda', 'ms.celbchan@yahoo.com.ph', '$2y$10$qBgtiaW2lnsUwrBsI/uDc.4vUUpb8HwCVOE8QSGEhpxTRfOPVnos6', 'owner', NULL, 1085, NULL, '2019-06-28 22:41:08', '2019-06-28 22:41:08'),
(1163, 'Julie Bersamin', 'noemailadress1086@marthaservices.com', '$2y$10$fq.46WTIMjQ9f5e4HA4uPeZ7ZHjyBvqFQaW1AmLDmbKHAb3XapyuO', 'owner', NULL, 1086, NULL, '2019-06-28 22:45:39', '2019-06-28 22:45:39'),
(1164, 'Joeland Ilumin', 'joy_ilumin@yahoo.com', '$2y$10$VNkSv7BMMDZZOPuBtGlyWemkBRKJDzbV5mUy.BHDVMTi8IKd29jue', 'owner', NULL, 1087, NULL, '2019-06-28 22:48:34', '2019-06-28 22:48:34'),
(1165, 'Eslao Ma Conception', 'mcveslao@yahoo.com', '$2y$10$zNUiGKKjVKii0B8NAvL5MuMaNxqFoSOwS/SutKBLcFP6ZL4tuxcE2', 'owner', NULL, 1088, NULL, '2019-06-28 22:52:06', '2019-06-28 22:52:06'),
(1166, 'Herbert Abille', 'herbs222@yahoo.com', '$2y$10$PoNjiO7rIuGfuFy50rD4qeuJ34BjVQxGNM./.wU8JYyvsb22OPisS', 'owner', NULL, 1089, NULL, '2019-06-28 22:56:33', '2019-06-28 22:56:33'),
(1167, 'Margarita Mallari', 'pam_mallari@yahoo.com', '$2y$10$R1H8Wyw6ZFvzkyFmAVLbluHncWRlxQtU71yP3tnCoPtFwnl3uKCAm', 'owner', NULL, 1090, NULL, '2019-06-28 23:02:46', '2019-06-28 23:02:46'),
(1168, 'Dina Dansel', 'tmdecena@yahoo.com/tmdecena@yahoo.com', '$2y$10$FkIRCVL5WaZbloq6gPcNIOM3IpbC1OT0EAq61Sp1dHCC30JtdlXfS', 'owner', NULL, 1091, NULL, '2019-06-28 23:07:27', '2019-06-28 23:07:27'),
(1169, 'Florida Batong', 'floridabatong@yahoo.com', '$2y$10$PpOFWA2vTBVQn8eLGKGF1ekFvPuoGuhqm1nY0OQQYfobGycRkkvnq', 'owner', NULL, 1092, NULL, '2019-06-28 23:09:51', '2019-06-28 23:09:51'),
(1170, 'Aldren Arellano', 'aldren.arellano@gmail.com/crylyncapistano@gmail.com', '$2y$10$RpqUdaZwvWEvB5862/AmJ.FwbevhIysxQ6Xh2w3J47FNCbeBMaQFG', 'owner', NULL, 1093, NULL, '2019-06-28 23:26:53', '2019-06-28 23:26:53'),
(1171, 'Marilou Canlas', 'noemailadress1094@marthaservices.com', '$2y$10$/HrWxaKWwN1MirR6IQNG6evdgHpMmtxvx/ZW/vUqOv8zUuyD1AMOK', 'owner', NULL, 1094, NULL, '2019-06-28 23:29:51', '2019-06-28 23:29:51'),
(1172, 'Mary Ann Margarita', 'maryann_magtira@yahoo.com', '$2y$10$z1S1iS5PSDFVm61rwsLsLejlnLT1VShmOMRKeP7ScBQmEiY58Ym8G', 'owner', NULL, 1095, NULL, '2019-06-28 23:36:39', '2019-06-28 23:36:39'),
(1173, 'Israel Vanguardia', 'israelvanguardia@yahoo.com/zhille_03@yahoo.com', '$2y$10$Zel1h5V2y0T7YgLAy1nfrOvZGM/q8oJu4nZVGm3L7Tdr3yE.nqDYm', 'owner', NULL, 1096, NULL, '2019-06-28 23:42:35', '2019-06-28 23:42:35'),
(1175, 'Marilou Tingcawa', 'teddytingcawa@yahoo.com', '$2y$10$FjRoBvV.xGX4/ikrRG0YOO.1Eatwm2qkrKfee9OIFCrZgHSJDhZqS', 'owner', NULL, 1098, NULL, '2019-06-28 23:49:53', '2019-06-28 23:49:53'),
(1176, 'Ligaya Aquino', 'ligayaaquino64@gmail.com', '$2y$10$XXlrKihG4g5eifiJXGqggOHnxVmB45XRasuGZeqmzpuU7dg.fb39e', 'owner', NULL, 1099, NULL, '2019-06-28 23:52:51', '2019-06-28 23:52:51'),
(1178, 'Raquel Javier', 'tjavier.etc@gmail.com', '$2y$10$1aR/flSQnW5DVSJUEIIBTekWQ0122wYa4iTSA4jmEf3xGm5FC9hm.', 'owner', NULL, 1101, NULL, '2019-06-29 00:08:56', '2019-06-29 00:08:56'),
(1179, 'Sonia Calvin', 'noemailadress1102@marthaservices.com', '$2y$10$xlynnt4rXoMuq48ah56HvOxBV1eY16KWdJPYcFcVpp22Swf5e3M1y', 'owner', NULL, 1102, NULL, '2019-06-29 00:12:19', '2019-06-29 00:12:19'),
(1180, 'Daniel Rivera', 'tj2000dfr@att.net', '$2y$10$aifb6t0WupSOL02UmLVikOdaOmQprAZ0PTySCI.P7n6g3ekCev0Ci', 'owner', NULL, 1103, NULL, '2019-06-29 00:14:00', '2019-06-29 00:14:00'),
(1181, 'Edgie Anamong', 'noemailadress1104@marthaservices.com', '$2y$10$KQnA.1ISCl4qLI5W0UdbEOhFZfwoNHqfJN1oXvJxjgfyDPvUbdBRC', 'owner', NULL, 1104, NULL, '2019-06-29 00:18:08', '2019-06-29 00:18:08'),
(1182, 'Carolyn Akilith', 'carolynakilith@gmail.com', '$2y$10$xHAcbhh6RWaXshy4pM.fOO.BU19twaswWTGrQTuabG75tcT.mlBce', 'owner', NULL, 1105, NULL, '2019-06-29 00:20:57', '2019-06-29 00:20:57'),
(1183, 'Andrea Nanam', 'andrea_ngoddo@yahoo.com/venielle@yahoo.com', '$2y$10$d8PuQKS9BQxk6MTLNjQciuvOVoRTSoMxn8J/j3pQx1Rdh8z0xWwb6', 'owner', NULL, 1106, NULL, '2019-06-29 00:24:48', '2019-06-29 00:24:48');
COMMIT;

/*!40101 SET CHARACTER_SET_CLIENT=@OLD_CHARACTER_SET_CLIENT */;
/*!40101 SET CHARACTER_SET_RESULTS=@OLD_CHARACTER_SET_RESULTS */;
/*!40101 SET COLLATION_CONNECTION=@OLD_COLLATION_CONNECTION */;
